Snake,Reference,Note,"SVMP (Snake Venom Metalloproteinase), mg","PI-SVMP (Snake Venom Metalloproteinase-PI), mg","PII-SVMP (Snake Venom Metalloproteinase PII), mg","PIII-SVMP (Snake Venom Metalloproteinase PIII), mg","SVMPi (Snake Venom Metalloproteinase inhibitor), mg","Disintegrin, mg","Short disintegrin, mg","Medium disintegrin, mg","Large disintegrin, mg","Long disintegrin, mg","Dimeric disintegrin, mg","CTL (C-type Lectin), mg","DC-fragment (Disintegrin-like/Cysteine-Ichdomains of PIII-SVMP), mg","CRISP (Cysteine-Rich Secretory Protein), mg","3Ftx (Three-Finger Toxin), mg","alpha-NTx (alpha-NeuroToxin), mg","NTx (NeuroToxin), mg","SNTx (Short chain Neurotoxin), mg","LNTx (Long chain Neurotoxin), mg","WNTx (Weak Neurotoxin), mg","PLB (Phospholipase B), mg","PLA2 (Phospholipase A2), mg","Acidic PLA2 (Phospholipase A2), mg","Basic PLA2 (Phospholipase A2), mg","K49-PLA2 (Phospholipase A2), mg","D49-PLA2 (Phospholipase A2), mg","Crotoxin, mg","SP (Serine-Proteinase), mg","SPi (Serine-Proteinase inhibitor), mg","KuTi (Kunitz-type Inhibitor), mg","KaTi (Kazal-type Inhibitor), mg","KLK (Kallikrein), mg","LAAO (L-Amino Acid Oxidase), mg","VAP (Vasoactive Peptides), mg","BPP (Bradykinin-Potentiating Peptides), mg","BIP (Bradykinin-Inhibitory Peptides), mg","VEGF (Vascular Endothelial Growth Factor), mg","CVF (Cobra Venom Factor), mg","NP (Natriuretic Peptide), mg","Muscarinic-toxin, mg","Cytotoxin, mg","Myotoxin, mg","Mojave toxin, mg","Sarafotoxin, mg","Trimucrotoxin, mg","Waprin, mg","Navaprin, mg","Ohanin, mg","Oscutarin C, mg","Cystatin, mg","Crotamine, mg","Vespryn, mg","HYA (Hyaluronidase), mg","KTC (prokineticin), mg","NGF (Nerve Growth Factor), mg","ILGF-1 (Insulin-like Growth Factor), mg","PDE (Phosphodiesterases), mg","ACHE (Acetylcholineesterase), mg","NT5 (5NucleoTidase), mg","EP (Endopeptidase), mg","EN (Endonuclease), mg","Trypsinogen, mg","QC (Glutaminyl Cyclase), mg","CCM (Complement Control Module), mg","LIPA (Lysosomal Lipase A), mg","TRF (Transferrin), mg","CTT (Cytidyltransferase), mg","ALB (Albumin), mg","HBG (Hemoglobin), mg","pG peptides (Poly-Gly Peptides), mg","pGpH peptides (Gly-His-rich Peptides), mg","beta-BTx (beta-bungarotoxin), mg","Gal (galactose-binding lectin), mg","Selectins, mg","FMO (flavin monoamine oxidases), mg","GP (glutathione peroxidase), mg","CELF (Type-B carboxylesterases/lipases), mg","Atragin, mg","AMT (AminoTransferase), mg","Aspartic protease, mg","TBP (Toxin biosynthesis proteins), mg","BP (Blood Proteins), mg","KNL (Kinesin-like protein), mg","NTP (Neurotrophin), mg","Fibrinogenases, mg","AP (AminoPeptidase), mg","ChE (Cholinesterase), mg","OLP (Ohanin like proteins), mg","CRVP (Cysteine Rich Venom Proteine), mg","NMG (Neuronal membrane glycoprotein), mg","RIB (ribosomal protein), mg","ECTONT (ecto-59-nucleotidase), mg","Actin, mg","Unknown peptides, mg","Non-toxin, mg","Unknown/Undetermined, mg","Sum, mg"
Agkistrodon bilineatus bilineatus,https://www.ncbi.nlm.nih.gov/pubmed/24211403,Mexico,168.56,0.00,0.00,0.00,0.00,21.33,0.00,0.00,0.00,0.00,0.00,6.19,0.00,0.00,0.00,0.00,0.00,0.00,0.00,0.00,0.00,288.96,0.00,0.00,0.00,0.00,0.00,113.52,0.00,0.00,0.00,0.00,33.71,0.00,31.65,0.00,0.00,0.00,0.00,0.00,0.00,0.00,0.00,0.00,0.00,0.00,0.00,3.44,0.00,0.00,0.00,0.00,0.00,0.00,3.44,0.00,0.00,0.00,0.00,0.00,0.00,0.00,0.00,0.00,0.00,0.00,0.00,0.00,0.00,0.00,0.00,0.00,0.00,0.00,0.00,0.00,0.00,0.00,0.00,0.00,0.00,0.00,0.00,0.00,0.00,0.00,0.00,0.00,0.00,0.00,0.00,0.00,0.00,0.00,0.00,17.20,688.00
Agkistrodon bilineatus howardgloydi,https://www.ncbi.nlm.nih.gov/pubmed/24211403,Costa Rica,211.90,0.00,0.00,0.00,0.00,15.14,0.00,0.00,0.00,0.00,0.00,2.75,0.00,0.00,0.00,0.00,0.00,0.00,0.00,0.00,0.00,280.70,0.00,0.00,0.00,0.00,0.00,116.27,0.00,0.00,0.00,0.00,17.89,0.00,37.84,0.00,0.00,0.00,0.00,0.00,0.00,0.00,0.00,0.00,0.00,0.00,0.00,0.00,0.00,0.00,0.00,0.00,0.00,0.00,1.38,0.00,0.00,0.00,0.00,0.00,0.00,0.00,0.00,0.00,0.00,0.00,0.00,0.00,0.00,0.00,0.00,0.00,0.00,0.00,0.00,0.00,0.00,0.00,0.00,0.00,0.00,0.00,0.00,0.00,0.00,0.00,0.00,0.00,0.00,0.00,0.00,0.00,0.00,0.00,0.00,4.13,688.00
Agkistrodon bilineatus taylori,https://www.ncbi.nlm.nih.gov/pubmed/24211403,Mexico,210.53,0.00,0.00,0.00,0.00,18.58,0.00,0.00,0.00,0.00,0.00,9.63,0.00,38.53,0.00,0.00,0.00,0.00,0.00,0.00,0.00,235.98,0.00,0.00,0.00,0.00,0.00,52.29,0.00,0.00,0.00,0.00,33.02,0.00,59.86,0.00,0.00,0.00,0.00,0.00,0.00,0.00,0.00,0.00,0.00,0.00,0.00,6.88,0.00,0.00,0.00,0.00,0.00,0.00,0.00,0.00,0.00,0.00,0.00,0.00,0.00,0.00,0.00,0.00,0.00,0.00,0.00,0.00,0.00,0.00,0.00,0.00,0.00,0.00,0.00,0.00,0.00,0.00,0.00,0.00,0.00,0.00,0.00,0.00,0.00,0.00,0.00,0.00,0.00,0.00,0.00,0.00,0.00,0.00,0.00,22.70,688.00
Agkistrodon contortrix contortrix,https://www.ncbi.nlm.nih.gov/pubmed/24211403,Origin unknown,24.38,0.00,0.00,0.00,0.00,1.13,0.00,0.00,0.00,0.00,0.00,1.80,0.08,2.78,0.00,0.00,0.00,0.00,0.00,0.00,0.00,23.63,0.00,0.00,0.00,0.00,0.00,10.73,0.00,0.00,0.00,0.00,3.30,0.00,4.95,0.00,0.00,0.00,0.00,0.00,0.00,0.00,0.00,0.00,0.00,0.00,0.00,0.08,0.00,0.00,0.00,0.00,0.00,0.00,0.23,0.00,0.00,0.00,0.00,0.00,0.00,0.00,0.00,0.00,0.00,0.00,0.00,0.00,0.00,0.00,0.00,0.00,0.00,0.00,0.00,0.00,0.00,0.00,0.00,0.00,0.00,0.00,0.00,0.00,0.00,0.00,0.00,0.00,0.00,0.00,0.00,0.00,0.00,0.00,0.00,2.03,75.08
Agkistrodon contortrix contortrix,https://www.ncbi.nlm.nih.gov/pubmed/27983581,USA,18.95,0.00,0.00,0.00,0.00,0.00,0.00,0.00,0.00,0.00,0.00,0.58,0.00,1.47,0.00,0.00,0.00,0.00,0.00,0.00,0.00,0.00,11.03,27.05,0.00,0.00,0.00,11.04,0.00,0.00,0.00,0.00,2.98,0.00,0.00,0.00,0.00,0.00,0.00,0.00,0.00,0.00,0.00,0.00,0.00,0.00,0.00,0.00,0.00,0.00,0.00,0.00,0.00,0.00,0.00,0.00,0.00,0.00,0.21,0.00,0.00,0.00,0.00,0.00,0.00,0.00,0.00,0.00,0.00,0.00,0.00,0.00,0.00,0.00,0.00,0.00,0.00,0.00,0.00,0.00,0.00,0.00,0.00,0.00,1.71,0.00,0.00,0.00,0.00,0.00,0.00,0.00,0.00,0.00,0.00,0.00,75.01
Agkistrodon contortrix laticinctus,https://www.ncbi.nlm.nih.gov/pubmed/24211403,Texas,22.95,0.00,0.00,0.00,0.00,0.60,0.00,0.00,0.00,0.00,0.00,0.98,0.00,0.00,0.00,0.00,0.00,0.00,0.00,0.00,0.00,29.40,0.00,0.00,0.00,0.00,0.00,10.58,0.00,0.00,0.00,0.00,3.68,0.00,5.10,0.00,0.00,0.00,0.00,0.00,0.00,0.00,0.00,0.00,0.00,0.00,0.00,0.00,0.00,0.00,0.00,0.00,0.00,0.00,0.08,0.00,0.00,0.00,0.00,0.00,0.00,0.00,0.00,0.00,0.00,0.00,0.00,0.00,0.00,0.00,0.00,0.00,0.00,0.00,0.00,0.00,0.00,0.00,0.00,0.00,0.00,0.00,0.00,0.00,0.00,0.00,0.00,0.00,0.00,0.00,0.00,0.00,0.00,0.00,0.00,1.65,75.00
Agkistrodon contortrix mokasen,https://www.ncbi.nlm.nih.gov/pubmed/24211403,Kentucky,22.35,0.00,0.00,0.00,0.00,1.65,0.00,0.00,0.00,0.00,0.00,0.30,0.00,1.43,0.00,0.00,0.00,0.00,0.00,0.00,0.00,30.90,0.00,0.00,0.00,0.00,0.00,7.20,0.00,0.00,0.00,0.00,4.58,0.00,4.43,0.00,0.00,0.00,0.00,0.00,0.00,0.00,0.00,0.00,0.00,0.00,0.00,0.30,0.00,0.00,0.00,0.00,0.00,0.00,0.30,0.00,0.00,0.00,0.00,0.00,0.00,0.00,0.00,0.00,0.00,0.00,0.00,0.15,0.00,0.00,0.00,0.00,0.00,0.00,0.00,0.00,0.00,0.00,0.00,0.00,0.00,0.00,0.00,0.00,0.00,0.00,0.00,0.00,0.00,0.00,0.00,0.00,0.00,0.00,0.00,1.43,75.00
Agkistrodon contortrix phaeogaster,https://www.ncbi.nlm.nih.gov/pubmed/24211403,Missouri,16.05,0.00,0.00,0.00,0.00,1.65,0.00,0.00,0.00,0.00,0.00,0.45,0.00,0.00,0.00,0.00,0.00,0.00,0.00,0.00,0.00,30.15,0.00,0.00,0.00,0.00,0.00,16.88,0.00,0.00,0.00,0.00,4.05,0.00,4.05,0.00,0.08,0.00,0.00,0.00,0.00,0.00,0.00,0.00,0.00,0.00,0.00,0.38,0.00,0.00,0.00,0.00,0.00,0.00,0.30,0.00,0.00,0.00,0.00,0.00,0.00,0.00,0.00,0.00,0.00,0.00,0.00,0.00,0.00,0.00,0.00,0.00,0.00,0.00,0.00,0.00,0.00,0.00,0.00,0.00,0.00,0.00,0.00,0.00,0.00,0.00,0.00,0.00,0.00,0.00,0.00,0.00,0.00,0.00,0.00,0.98,75.00
Agkistrodon contortrix pictigaster,https://www.ncbi.nlm.nih.gov/pubmed/24211403,Texas,22.65,0.00,0.00,0.00,0.00,0.60,0.00,0.00,0.00,0.00,0.00,1.88,0.00,1.50,0.00,0.00,0.00,0.00,0.00,0.00,0.00,28.65,0.00,0.00,0.00,0.00,0.00,6.68,0.00,0.00,0.00,0.00,6.60,0.00,4.65,0.00,0.00,0.00,0.00,0.00,0.00,0.00,0.00,0.00,0.00,0.00,0.00,0.00,0.00,0.00,0.00,0.00,0.00,0.00,0.15,0.00,0.00,0.00,0.00,0.00,0.00,0.00,0.00,0.00,0.00,0.00,0.00,0.00,0.00,0.00,0.00,0.00,0.00,0.00,0.00,0.00,0.00,0.00,0.00,0.00,0.00,0.00,0.00,0.00,0.00,0.00,0.00,0.00,0.00,0.00,0.00,0.00,0.00,0.00,0.00,1.65,75.00
Agkistrodon piscivorus conanti,https://www.ncbi.nlm.nih.gov/pubmed/24211403,Florida,35.70,0.00,0.00,0.00,0.00,3.74,0.00,0.00,0.00,0.00,0.00,2.21,0.00,5.10,0.00,0.00,0.00,0.00,0.00,0.00,0.00,78.20,0.00,0.00,0.00,0.00,0.00,23.63,0.00,0.00,0.00,0.00,7.65,0.00,9.69,0.00,0.00,0.00,0.00,0.00,0.00,0.00,0.00,0.00,0.00,0.00,0.00,0.00,0.00,0.00,0.00,0.00,0.00,0.00,0.00,0.00,0.00,0.00,0.00,0.00,0.00,0.00,0.00,0.00,0.00,0.00,0.00,0.00,0.00,0.00,0.00,0.00,0.00,0.00,0.00,0.00,0.00,0.00,0.00,0.00,0.00,0.00,0.00,0.00,0.00,0.00,0.00,0.00,0.00,0.00,0.00,0.00,0.00,0.00,0.00,4.08,170.00
Agkistrodon piscivorus leucostoma,https://www.ncbi.nlm.nih.gov/pubmed/24211403,Texas,44.37,0.00,0.00,0.00,0.00,8.33,0.00,0.00,0.00,0.00,0.00,1.36,0.00,3.40,0.00,0.00,0.00,0.00,0.00,0.00,0.00,73.44,0.00,0.00,0.00,0.00,0.00,17.17,0.00,0.00,0.00,0.00,4.59,0.00,10.03,0.00,0.00,0.00,0.00,0.00,0.00,0.00,0.00,0.00,0.00,0.00,0.00,0.00,0.00,0.00,0.00,0.00,0.00,0.00,0.00,0.00,0.00,0.00,0.00,0.00,0.00,0.00,0.00,0.00,0.00,0.00,0.00,0.00,0.00,0.00,0.00,0.00,0.00,0.00,0.00,0.00,0.00,0.00,0.00,0.00,0.00,0.00,0.00,0.00,0.00,0.00,0.00,0.00,0.00,0.00,0.00,0.00,0.00,0.00,0.00,7.31,170.00
Agkistrodon piscivorus piscivorus,https://www.ncbi.nlm.nih.gov/pubmed/24211403,USA,56.27,0.00,0.00,0.00,0.00,6.12,0.00,0.00,0.00,0.00,0.00,5.44,0.00,5.95,0.00,0.00,0.00,0.00,0.00,0.00,0.00,57.12,0.00,0.00,0.00,0.00,0.00,22.44,0.00,0.00,0.00,0.00,1.36,0.00,9.86,0.00,0.00,0.00,0.00,0.00,0.00,0.00,0.00,0.00,0.00,0.00,0.00,0.00,0.00,0.00,0.00,0.00,0.00,0.00,0.00,0.00,0.00,0.00,0.00,0.00,0.00,0.00,0.00,0.00,0.00,0.00,0.00,0.00,0.00,0.00,0.00,0.00,0.00,0.00,0.00,0.00,0.00,0.00,0.00,0.00,0.00,0.00,0.00,0.00,0.00,0.00,0.00,0.00,0.00,0.00,0.00,0.00,0.00,0.00,0.00,5.44,170.00
Aipysurus laevis,https://www.ncbi.nlm.nih.gov/pubmed/26169672,Australia,0.00,0.00,0.00,0.00,0.00,0.00,0.00,0.00,0.00,0.00,0.00,0.00,0.00,0.83,8.35,0.00,0.00,0.00,0.00,0.00,0.00,23.50,0.00,0.00,0.00,0.00,0.00,0.00,0.00,0.00,0.00,0.00,0.00,0.00,0.00,0.00,0.00,0.00,0.00,0.00,0.00,0.00,0.00,0.00,0.00,0.00,0.00,0.00,0.00,0.00,0.00,0.00,0.00,0.00,0.00,0.00,0.00,0.00,0.00,0.00,0.00,0.00,0.00,0.07,0.00,0.00,0.00,0.00,0.00,0.00,0.00,0.00,0.00,0.00,0.00,0.00,0.00,0.00,0.00,0.00,0.00,0.00,0.00,0.00,0.00,0.00,0.00,0.00,0.00,0.00,0.00,0.00,0.00,0.26,0.00,0.00,33.00
Atropoides nummifer mexicanus,https://www.ncbi.nlm.nih.gov/pubmed/18161938,Costa Rica,0.00,8.88,0.00,2.04,0.00,0.00,0.00,1.50,0.00,0.00,0.00,0.78,0.06,1.14,0.06,0.00,0.00,0.00,0.00,0.00,0.00,21.90,0.00,0.00,0.00,0.00,0.00,13.20,0.00,0.00,0.00,0.00,5.46,0.00,5.16,0.00,0.06,0.00,0.00,0.00,0.00,0.00,0.00,0.00,0.00,0.00,0.00,0.00,0.00,0.00,0.00,0.00,0.00,0.00,0.00,0.00,0.00,0.00,0.00,0.00,0.00,0.00,0.00,0.00,0.00,0.00,0.00,0.00,0.00,0.00,0.00,0.00,0.00,0.00,0.00,0.00,0.00,0.00,0.00,0.00,0.00,0.00,0.00,0.00,0.00,0.00,0.00,0.00,0.00,0.00,0.00,0.00,0.00,0.00,0.00,0.00,60.24
Atropoides picadoi,https://www.ncbi.nlm.nih.gov/pubmed/18161938,Costa Rica,0.00,6.79,0.00,39.69,0.00,0.00,0.00,0.07,0.00,0.00,0.00,1.26,0.07,3.36,0.00,0.00,0.00,0.00,0.00,0.00,0.00,6.65,0.00,0.00,0.00,0.00,0.00,9.45,0.00,0.00,0.00,0.00,1.54,0.00,1.26,0.00,0.07,0.00,0.00,0.00,0.00,0.00,0.00,0.00,0.00,0.00,0.00,0.00,0.00,0.00,0.00,0.00,0.00,0.00,0.00,0.00,0.00,0.00,0.00,0.00,0.00,0.00,0.00,0.00,0.00,0.00,0.00,0.00,0.00,0.00,0.00,0.00,0.00,0.00,0.00,0.00,0.00,0.00,0.00,0.00,0.00,0.00,0.00,0.00,0.00,0.00,0.00,0.00,0.00,0.00,0.00,0.00,0.00,0.00,0.00,0.00,70.21
Bitis arietans,https://www.ncbi.nlm.nih.gov/pubmed/16786436,Ghana,288.75,0.00,0.00,0.00,0.00,0.00,0.00,0.00,0.00,133.50,0.00,99.00,0.00,0.00,0.00,0.00,0.00,0.00,0.00,0.00,0.00,32.25,0.00,0.00,0.00,0.00,0.00,146.25,0.00,31.50,0.00,0.00,0.00,0.00,0.00,0.00,0.00,0.00,0.00,0.00,0.00,0.00,0.00,0.00,0.00,0.00,0.00,0.00,0.00,12.75,0.00,0.00,0.00,0.00,0.00,0.00,0.00,0.00,0.00,0.00,0.00,0.00,0.00,0.00,0.00,0.00,0.00,0.00,0.00,0.00,0.00,0.00,0.00,0.00,0.00,0.00,0.00,0.00,0.00,0.00,0.00,0.00,0.00,0.00,0.00,0.00,0.00,0.00,0.00,0.00,0.00,0.00,0.00,6.75,0.00,0.00,750.75
Bitis caudalis,https://www.ncbi.nlm.nih.gov/pubmed/17559253,Origin unknown,9.78,0.00,0.00,0.00,0.00,0.00,0.00,0.00,0.00,0.00,1.96,4.17,0.00,1.02,0.00,0.00,0.00,0.00,0.00,0.00,0.00,50.83,0.00,0.00,0.00,0.00,0.00,12.84,0.00,2.72,0.00,0.00,1.45,0.00,0.00,0.00,0.00,0.00,0.00,0.00,0.00,0.00,0.00,0.00,0.00,0.00,0.00,0.00,0.00,0.00,0.00,0.00,0.00,0.00,0.00,0.00,0.00,0.00,0.00,0.00,0.00,0.00,0.00,0.00,0.00,0.00,0.00,0.00,0.00,0.00,0.00,0.00,0.00,0.00,0.00,0.00,0.00,0.00,0.00,0.00,0.00,0.00,0.00,0.00,0.00,0.00,0.00,0.00,0.00,0.00,0.00,0.00,0.00,0.26,0.00,0.00,85.00
Bitis gabonica,https://www.ncbi.nlm.nih.gov/pubmed/17203976,Origin unknown,549.60,0.00,0.00,0.00,0.00,0.00,0.00,0.00,0.00,0.00,81.60,343.20,12.00,48.00,0.00,0.00,0.00,0.00,0.00,0.00,0.00,273.60,0.00,0.00,0.00,0.00,0.00,633.60,0.00,72.00,0.00,0.00,31.20,0.00,67.20,0.00,24.00,0.00,0.00,0.00,0.00,0.00,0.00,0.00,0.00,0.00,0.00,0.00,0.00,235.20,0.00,0.00,0.00,0.00,0.00,0.00,0.00,0.00,0.00,0.00,0.00,0.00,0.00,0.00,0.00,0.00,0.00,0.00,0.00,0.00,0.00,0.00,0.00,0.00,0.00,0.00,0.00,0.00,0.00,0.00,0.00,0.00,0.00,0.00,0.00,0.00,0.00,0.00,0.00,0.00,0.00,0.00,0.00,28.80,0.00,0.00,"2,400.00"
Bitis nasicornis,https://www.ncbi.nlm.nih.gov/pubmed/17559253,Origin unknown,144.38,0.00,0.00,0.00,0.00,0.00,0.00,0.00,0.00,0.00,12.36,14.83,0.35,4.59,0.00,0.00,0.00,0.00,0.00,0.00,0.00,70.95,0.00,0.00,0.00,0.00,0.00,77.31,0.00,0.00,0.00,0.00,11.30,0.00,0.00,0.00,0.00,0.00,0.00,0.00,0.00,0.00,0.00,0.00,0.00,0.00,0.00,0.00,0.00,14.83,0.00,0.00,0.00,0.00,0.00,0.00,0.00,0.00,0.00,0.00,0.00,0.00,0.00,0.00,0.00,0.00,0.00,0.00,0.00,0.00,0.00,0.00,0.00,0.00,0.00,0.00,0.00,0.00,0.00,0.00,0.00,0.00,0.00,0.00,0.00,0.00,0.00,0.00,0.00,0.00,0.00,0.00,0.00,2.47,0.00,0.00,353.35
Bitis rhinoceros,https://www.ncbi.nlm.nih.gov/pubmed/17559253,Origin unknown,261.18,0.00,0.00,0.00,0.00,0.00,0.00,0.00,0.00,0.00,72.08,119.57,5.09,10.18,0.00,0.00,0.00,0.00,0.00,0.00,0.00,40.70,0.00,0.00,0.00,0.00,0.00,202.67,0.00,63.60,0.00,0.00,18.66,0.00,2.54,0.00,0.00,0.00,0.00,0.00,0.00,0.00,0.00,0.00,0.00,0.00,0.00,0.00,0.00,44.94,0.00,0.00,0.00,0.00,0.00,0.00,0.00,0.00,0.00,0.00,0.00,0.00,0.00,0.00,0.00,0.00,0.00,0.00,0.00,0.00,0.00,0.00,0.00,0.00,0.00,0.00,0.00,0.00,0.00,0.00,0.00,0.00,0.00,0.00,0.00,0.00,0.00,0.00,0.00,0.00,0.00,0.00,0.00,6.78,0.00,0.00,848.00
Bothriechis lateralis,https://www.ncbi.nlm.nih.gov/pubmed/18444672,Costa Rica,11.02,0.00,0.00,0.00,0.00,0.00,0.00,0.00,0.00,0.00,0.00,0.18,0.00,1.30,0.00,0.00,0.00,0.00,0.00,0.00,0.00,1.74,0.00,0.00,0.00,0.00,0.00,2.26,0.00,0.00,0.00,0.00,1.22,0.00,2.22,0.00,0.10,0.00,0.00,0.00,0.00,0.00,0.00,0.00,0.00,0.00,0.00,0.00,0.00,0.00,0.00,0.00,0.00,0.00,0.00,0.00,0.00,0.00,0.00,0.00,0.00,0.00,0.00,0.00,0.00,0.00,0.00,0.00,0.00,0.00,0.00,0.00,0.00,0.00,0.00,0.00,0.00,0.00,0.00,0.00,0.00,0.00,0.00,0.00,0.00,0.00,0.00,0.00,0.00,0.00,0.00,0.00,0.00,0.00,0.00,0.00,20.04
Bothriechis lateralis,https://www.ncbi.nlm.nih.gov/pubmed/27777178,Costa Rica,0.00,0.46,0.00,3.44,1.30,0.76,0.00,0.00,0.00,0.00,0.00,0.00,1.06,0.00,0.00,0.00,0.00,0.00,0.00,0.00,0.00,3.06,0.00,0.00,0.00,0.00,0.00,4.58,0.00,0.00,0.00,0.00,1.36,0.00,2.18,0.00,0.66,0.00,0.00,0.00,0.00,0.00,0.00,0.00,0.00,0.00,0.00,0.00,0.00,0.00,0.00,0.00,0.00,0.00,0.00,0.00,0.00,0.00,0.00,0.00,0.00,0.00,0.00,0.00,0.00,0.00,0.00,0.00,0.00,0.00,0.00,0.00,0.00,0.00,0.00,0.00,0.00,0.00,0.00,0.00,0.00,0.00,0.00,0.00,0.00,1.30,0.00,0.00,0.00,0.00,0.00,0.00,0.00,0.00,0.00,0.96,21.12
Bothriechis schlegelii,https://www.ncbi.nlm.nih.gov/pubmed/18444672,Costa Rica,3.54,0.00,0.00,0.00,0.00,0.00,0.00,0.00,0.00,0.00,0.00,0.00,0.00,0.42,0.00,0.00,0.00,0.00,0.00,0.00,0.00,8.76,0.00,0.00,0.00,0.00,0.00,1.16,0.00,0.00,1.66,0.00,1.78,0.00,2.68,0.00,0.00,0.00,0.00,0.00,0.00,0.00,0.00,0.00,0.00,0.00,0.00,0.00,0.00,0.00,0.00,0.00,0.00,0.00,0.00,0.00,0.00,0.00,0.00,0.00,0.00,0.00,0.00,0.00,0.00,0.00,0.00,0.00,0.00,0.00,0.00,0.00,0.00,0.00,0.00,0.00,0.00,0.00,0.00,0.00,0.00,0.00,0.00,0.00,0.00,0.00,0.00,0.00,0.00,0.00,0.00,0.00,0.00,0.00,0.00,0.00,20.00
Bothriechis schlegelii,https://www.ncbi.nlm.nih.gov/pubmed/27777178,Costa Rica,0.00,0.00,0.00,1.62,1.38,0.02,0.00,0.00,0.00,0.00,0.00,0.00,0.00,2.26,0.00,0.00,0.00,0.00,0.00,0.00,0.16,3.46,0.00,0.00,0.00,0.00,0.00,4.12,0.00,1.26,0.00,0.00,0.68,0.00,3.18,0.00,0.56,0.00,0.00,0.00,0.00,0.00,0.00,0.00,0.00,0.00,0.00,0.00,0.00,0.00,0.00,0.00,0.00,0.00,0.00,0.00,0.01,0.00,0.00,0.00,0.00,0.00,0.14,0.00,0.00,0.00,0.00,0.00,0.00,0.00,0.00,0.00,0.00,0.00,0.00,0.00,0.00,0.00,0.00,0.00,0.00,0.00,0.00,0.00,0.00,0.00,0.00,0.00,0.00,0.00,0.00,0.00,0.00,0.00,0.00,1.15,20.00
Bothrops alternatus,https://www.ncbi.nlm.nih.gov/pubmed/20329766,Brazil,43.10,0.00,0.00,0.00,0.00,2.60,0.00,0.00,0.00,0.00,0.00,1.70,0.00,0.00,0.00,0.00,0.00,0.00,0.00,0.00,0.00,7.80,0.00,0.00,0.00,0.00,0.00,24.10,0.00,0.00,0.00,0.00,6.90,0.00,0.00,0.00,0.00,0.00,0.00,0.00,0.00,0.00,0.00,0.00,0.00,0.00,0.00,0.00,0.00,0.00,0.00,0.00,0.00,0.00,0.00,0.00,0.00,0.00,0.00,0.00,0.00,0.00,0.00,0.00,0.00,0.00,0.00,0.00,0.00,0.00,0.00,0.00,0.00,0.00,0.00,0.00,0.00,0.00,0.00,0.00,0.00,0.00,0.00,0.00,0.00,0.00,0.00,0.00,0.00,0.00,0.00,0.00,0.00,13.80,0.00,0.00,100.00
Bothrops alternatus,https://www.ncbi.nlm.nih.gov/pubmed/24069493,Brazil,0.00,3.60,7.60,41.00,0.00,0.00,0.00,0.00,0.00,0.00,0.00,14.80,0.00,2.50,0.00,0.00,0.00,0.00,0.00,0.00,2.40,2.00,0.00,0.00,0.00,0.00,0.00,5.80,0.00,0.00,0.00,0.00,14.90,0.00,0.00,0.00,0.00,0.00,0.00,0.00,0.00,0.00,0.00,0.00,0.00,0.00,0.00,0.00,0.00,0.00,0.00,0.00,0.30,0.00,0.40,0.00,1.50,0.00,0.00,0.00,0.00,0.00,0.90,0.00,0.00,0.00,0.00,0.00,0.00,0.00,0.00,0.00,0.00,0.00,0.00,0.00,0.00,0.00,0.00,0.00,0.00,0.00,0.00,0.00,0.00,0.00,0.00,0.00,0.00,0.00,0.00,2.40,0.00,0.00,0.00,0.00,100.10
Bothrops asper,https://www.ncbi.nlm.nih.gov/pubmed/18557640,Caribbean neonate,0.00,55.08,116.28,627.30,0.00,0.00,0.00,0.00,0.00,0.00,0.00,226.44,0.00,38.25,0.00,0.00,0.00,0.00,0.00,0.00,36.72,30.60,0.00,0.00,0.00,0.00,0.00,88.74,0.00,0.00,0.00,0.00,227.97,0.00,0.00,0.00,0.00,0.00,0.00,0.00,0.00,0.00,0.00,0.00,0.00,0.00,0.00,0.00,0.00,0.00,0.00,0.00,4.59,0.00,6.12,0.00,22.95,0.00,0.00,0.00,0.00,0.00,13.77,0.00,0.00,0.00,0.00,0.00,0.00,0.00,0.00,0.00,0.00,0.00,0.00,0.00,0.00,0.00,0.00,0.00,0.00,0.00,0.00,0.00,0.00,0.00,0.00,0.00,0.00,0.00,0.00,36.72,0.00,0.00,0.00,0.00,"1,531.53"
Bothrops asper,https://www.ncbi.nlm.nih.gov/pubmed/18557640,Caribbean adult,0.00,492.66,0.00,134.64,0.00,0.00,0.00,32.13,0.00,0.00,0.00,7.65,1.53,1.53,0.00,0.00,0.00,0.00,0.00,0.00,0.00,0.00,0.00,0.00,287.64,153.00,0.00,278.46,0.00,0.00,0.00,0.00,140.76,0.00,0.00,0.00,0.00,0.00,0.00,0.00,0.00,0.00,0.00,0.00,0.00,0.00,0.00,0.00,0.00,0.00,0.00,0.00,0.00,0.00,0.00,0.00,0.00,0.00,0.00,0.00,0.00,0.00,0.00,0.00,0.00,0.00,0.00,0.00,0.00,0.00,0.00,0.00,0.00,0.00,0.00,0.00,0.00,0.00,0.00,0.00,0.00,0.00,0.00,0.00,0.00,0.00,0.00,0.00,0.00,0.00,0.00,0.00,0.00,0.00,0.00,0.00,"1,530.00"
Bothrops asper,https://www.ncbi.nlm.nih.gov/pubmed/18557640,Pacific adult,0.00,466.65,0.00,203.49,0.00,0.00,0.00,21.42,0.00,0.00,0.00,7.65,1.53,1.53,0.00,0.00,0.00,0.00,0.00,0.00,0.00,0.00,0.00,0.00,550.80,139.23,0.00,67.32,0.00,0.00,0.00,0.00,70.38,0.00,0.00,0.00,0.00,0.00,0.00,0.00,0.00,0.00,0.00,0.00,0.00,0.00,0.00,0.00,0.00,0.00,0.00,0.00,0.00,0.00,0.00,0.00,0.00,0.00,0.00,0.00,0.00,0.00,0.00,0.00,0.00,0.00,0.00,0.00,0.00,0.00,0.00,0.00,0.00,0.00,0.00,0.00,0.00,0.00,0.00,0.00,0.00,0.00,0.00,0.00,0.00,0.00,0.00,0.00,0.00,0.00,0.00,0.00,0.00,0.00,0.00,0.00,"1,530.00"
Bothrops asper,https://www.ncbi.nlm.nih.gov/pubmed/18557640,Pacific neonate,0.00,108.63,0.00,890.46,0.00,0.00,0.00,9.18,0.00,0.00,0.00,3.06,0.00,1.53,0.00,0.00,0.00,0.00,0.00,0.00,0.00,0.00,0.00,0.00,64.26,359.55,0.00,39.78,0.00,0.00,0.00,0.00,52.02,0.00,0.00,0.00,0.00,0.00,0.00,0.00,0.00,0.00,0.00,0.00,0.00,0.00,0.00,0.00,0.00,0.00,0.00,0.00,0.00,0.00,0.00,0.00,0.00,0.00,0.00,0.00,0.00,0.00,0.00,0.00,0.00,0.00,0.00,0.00,0.00,0.00,0.00,0.00,0.00,0.00,0.00,0.00,0.00,0.00,0.00,0.00,0.00,0.00,0.00,0.00,0.00,0.00,0.00,0.00,0.00,0.00,0.00,0.00,0.00,0.00,0.00,1.53,"1,530.00"
Bothrops asper,https://www.ncbi.nlm.nih.gov/pubmed/19539636,Costa Rica (Pacific),0.00,458.24,10.70,203.22,0.00,0.00,0.00,21.36,0.00,0.00,0.00,7.64,1.53,1.53,0.00,0.00,0.00,0.00,0.00,0.00,0.00,0.00,0.00,0.00,549.37,138.97,0.00,67.20,0.00,0.00,0.00,0.00,70.26,0.00,0.00,0.00,0.00,0.00,0.00,0.00,0.00,0.00,0.00,0.00,0.00,0.00,0.00,0.00,0.00,0.00,0.00,0.00,0.00,0.00,0.00,0.00,0.00,0.00,0.00,0.00,0.00,0.00,0.00,0.00,0.00,0.00,0.00,0.00,0.00,0.00,0.00,0.00,0.00,0.00,0.00,0.00,0.00,0.00,0.00,0.00,0.00,0.00,0.00,0.00,0.00,0.00,0.00,0.00,0.00,0.00,0.00,0.00,0.00,0.00,0.00,0.00,"1,530.00"
Bothrops asper,https://www.ncbi.nlm.nih.gov/pubmed/19539636,Costa Rica (Carribean),0.00,492.66,0.00,134.64,0.00,0.00,0.00,32.13,0.00,0.00,0.00,7.65,1.53,1.53,0.00,0.00,0.00,0.00,0.00,0.00,0.00,0.00,0.00,0.00,287.64,153.00,0.00,278.46,0.00,0.00,0.00,0.00,140.76,0.00,0.00,0.00,0.00,0.00,0.00,0.00,0.00,0.00,0.00,0.00,0.00,0.00,0.00,0.00,0.00,0.00,0.00,0.00,0.00,0.00,0.00,0.00,0.00,0.00,0.00,0.00,0.00,0.00,0.00,0.00,0.00,0.00,0.00,0.00,0.00,0.00,0.00,0.00,0.00,0.00,0.00,0.00,0.00,0.00,0.00,0.00,0.00,0.00,0.00,0.00,0.00,0.00,0.00,0.00,0.00,0.00,0.00,0.00,0.00,0.00,0.00,0.00,"1,530.00"
Bothrops atrox,https://www.ncbi.nlm.nih.gov/pubmed/19665598,Columbia,0.00,46.40,0.00,70.00,0.00,6.40,0.00,0.00,0.00,0.00,0.00,7.20,0.00,4.80,0.00,0.00,0.00,0.00,0.00,0.00,0.00,22.00,0.00,0.00,0.00,0.00,0.00,22.20,0.00,0.00,0.00,0.00,21.00,0.00,0.00,0.00,0.00,0.00,0.00,0.00,0.00,0.00,0.00,0.00,0.00,0.00,0.00,0.00,0.00,0.00,0.00,0.00,0.00,0.00,0.00,0.00,0.00,0.00,0.00,0.00,0.00,0.00,0.00,0.00,0.00,0.00,0.00,0.00,0.00,0.00,0.00,0.00,0.00,0.00,0.00,0.00,0.00,0.00,0.00,0.00,0.00,0.00,0.00,0.00,0.00,0.00,0.00,0.00,0.00,0.00,0.00,0.00,0.00,0.00,0.00,0.00,200.00
Bothrops atrox,https://www.ncbi.nlm.nih.gov/pubmed/19665598,Columbia,0.00,90.80,0.00,6.20,0.00,6.40,0.00,3.40,0.00,0.00,0.00,14.20,0.20,5.20,0.00,0.00,0.00,0.00,0.00,0.00,0.00,0.00,0.00,0.00,37.00,5.00,0.00,21.80,0.00,0.00,0.00,0.00,9.40,0.00,0.30,0.00,0.00,0.00,0.30,0.00,0.00,0.00,0.00,0.00,0.00,0.00,0.00,0.00,0.00,0.00,0.00,0.00,0.00,0.00,0.00,0.00,0.00,0.00,0.00,0.00,0.00,0.00,0.00,0.00,0.00,0.00,0.00,0.00,0.00,0.00,0.00,0.00,0.00,0.00,0.00,0.00,0.00,0.00,0.00,0.00,0.00,0.00,0.00,0.00,0.00,0.00,0.00,0.00,0.00,0.00,0.00,0.00,0.00,0.00,0.00,0.00,200.20
Bothrops atrox,https://www.ncbi.nlm.nih.gov/pubmed/22300577,Brazil,0.00,46.00,0.00,98.20,0.00,0.00,0.00,0.20,0.00,0.00,0.00,1.40,1.80,3.60,0.00,0.00,0.00,0.00,0.00,0.00,0.00,0.00,0.00,0.00,11.20,23.60,0.00,9.20,0.00,0.00,0.00,0.00,4.20,0.00,0.10,0.00,0.00,0.00,0.10,0.00,0.00,0.00,0.00,0.00,0.00,0.00,0.00,0.00,0.00,0.00,0.00,0.00,0.00,0.00,0.00,0.00,0.00,0.00,0.00,0.00,0.00,0.00,0.40,0.00,0.00,0.00,0.00,0.00,0.00,0.00,0.00,0.00,0.00,0.00,0.00,0.00,0.00,0.00,0.00,0.00,0.00,0.00,0.00,0.00,0.00,0.00,0.00,0.00,0.00,0.00,0.00,0.00,0.00,0.00,0.00,0.00,200.00
Bothrops atrox,https://www.ncbi.nlm.nih.gov/pubmed/21278006,Brazil,0.00,16.40,0.00,128.00,0.00,0.00,0.00,0.00,0.00,0.00,0.00,0.00,0.00,6.40,0.00,0.00,0.00,0.00,0.00,0.00,0.00,34.00,0.00,0.00,0.00,0.00,0.00,11.00,0.00,0.00,0.00,0.00,4.20,0.00,0.00,0.00,0.00,0.00,0.00,0.00,0.00,0.00,0.00,0.00,0.00,0.00,0.00,0.00,0.00,0.00,0.00,0.00,0.00,0.00,0.00,0.00,0.00,0.00,0.00,0.00,0.00,0.00,0.00,0.00,0.00,0.00,0.00,0.00,0.00,0.00,0.00,0.00,0.00,0.00,0.00,0.00,0.00,0.00,0.00,0.00,0.00,0.00,0.00,0.00,0.00,0.00,0.00,0.00,0.00,0.00,0.00,0.00,0.00,0.00,0.00,0.00,200.00
Bothrops atrox,https://www.ncbi.nlm.nih.gov/pubmed/21278006,Brazil,0.00,28.00,0.00,138.00,0.00,0.00,0.00,0.00,0.00,0.00,0.00,1.00,0.00,2.40,0.00,0.00,0.00,0.00,0.00,0.00,0.00,20.00,0.00,0.00,0.00,0.00,0.00,9.00,0.00,0.00,0.00,0.00,1.40,0.00,0.00,0.00,0.00,0.00,0.00,0.00,0.00,0.00,0.00,0.00,0.00,0.00,0.00,0.00,0.00,0.00,0.00,0.00,0.00,0.00,0.00,0.00,0.00,0.00,0.00,0.00,0.00,0.00,0.00,0.00,0.00,0.00,0.00,0.00,0.00,0.00,0.00,0.00,0.00,0.00,0.00,0.00,0.00,0.00,0.00,0.00,0.00,0.00,0.00,0.00,0.00,0.00,0.00,0.00,0.00,0.00,0.00,0.00,0.00,0.00,0.00,0.20,200.00
Bothrops atrox,https://www.ncbi.nlm.nih.gov/pubmed/21278006,Brazil,0.00,32.60,0.00,132.00,0.00,0.00,0.00,0.00,0.00,0.00,0.00,0.80,0.00,2.40,0.00,0.00,0.00,0.00,0.00,0.00,0.00,24.00,0.00,0.00,0.00,0.00,0.00,6.00,0.00,0.00,0.00,0.00,2.20,0.00,0.00,0.00,0.00,0.00,0.00,0.00,0.00,0.00,0.00,0.00,0.00,0.00,0.00,0.00,0.00,0.00,0.00,0.00,0.00,0.00,0.00,0.00,0.00,0.00,0.00,0.00,0.00,0.00,0.00,0.00,0.00,0.00,0.00,0.00,0.00,0.00,0.00,0.00,0.00,0.00,0.00,0.00,0.00,0.00,0.00,0.00,0.00,0.00,0.00,0.00,0.00,0.00,0.00,0.00,0.00,0.00,0.00,0.00,0.00,0.00,0.00,0.00,200.00
Bothrops atrox,https://www.ncbi.nlm.nih.gov/pubmed/21278006,Brazil,0.00,42.00,0.00,108.00,0.00,0.00,0.00,0.00,0.00,0.00,0.00,0.00,0.00,3.20,0.00,0.00,0.00,0.00,0.00,0.00,0.00,32.00,0.00,0.00,0.00,0.00,0.00,13.80,0.00,0.00,0.00,0.00,1.00,0.00,0.00,0.00,0.00,0.00,0.00,0.00,0.00,0.00,0.00,0.00,0.00,0.00,0.00,0.00,0.00,0.00,0.00,0.00,0.00,0.00,0.00,0.00,0.00,0.00,0.00,0.00,0.00,0.00,0.00,0.00,0.00,0.00,0.00,0.00,0.00,0.00,0.00,0.00,0.00,0.00,0.00,0.00,0.00,0.00,0.00,0.00,0.00,0.00,0.00,0.00,0.00,0.00,0.00,0.00,0.00,0.00,0.00,0.00,0.00,0.00,0.00,0.00,200.00
Bothrops atrox,https://www.ncbi.nlm.nih.gov/pubmed/21278006,Brazil,0.00,36.00,0.00,126.00,0.00,0.00,0.00,0.00,0.00,0.00,0.00,0.00,0.00,5.60,0.00,0.00,0.00,0.00,0.00,0.00,0.00,30.00,0.00,0.00,0.00,0.00,0.00,1.00,0.00,0.00,0.00,0.00,1.00,0.00,0.00,0.00,0.00,0.00,0.00,0.00,0.00,0.00,0.00,0.00,0.00,0.00,0.00,0.00,0.00,0.00,0.00,0.00,0.00,0.00,0.00,0.00,0.00,0.00,0.00,0.00,0.00,0.00,0.00,0.00,0.00,0.00,0.00,0.00,0.00,0.00,0.00,0.00,0.00,0.00,0.00,0.00,0.00,0.00,0.00,0.00,0.00,0.00,0.00,0.00,0.00,0.00,0.00,0.00,0.00,0.00,0.00,0.00,0.00,0.00,0.00,0.40,200.00
Bothrops atrox,https://www.ncbi.nlm.nih.gov/pubmed/21278006,Brazil,0.00,42.00,0.00,112.00,0.00,0.00,0.00,0.00,0.00,0.00,0.00,0.00,0.00,3.20,0.00,0.00,0.00,0.00,0.00,0.00,0.00,36.00,0.00,0.00,0.00,0.00,0.00,4.20,0.00,0.00,0.00,0.00,2.60,0.00,0.00,0.00,0.00,0.00,0.00,0.00,0.00,0.00,0.00,0.00,0.00,0.00,0.00,0.00,0.00,0.00,0.00,0.00,0.00,0.00,0.00,0.00,0.00,0.00,0.00,0.00,0.00,0.00,0.00,0.00,0.00,0.00,0.00,0.00,0.00,0.00,0.00,0.00,0.00,0.00,0.00,0.00,0.00,0.00,0.00,0.00,0.00,0.00,0.00,0.00,0.00,0.00,0.00,0.00,0.00,0.00,0.00,0.00,0.00,0.00,0.00,0.00,200.00
Bothrops atrox,https://www.ncbi.nlm.nih.gov/pubmed/21278006,Brazil,0.00,36.00,0.00,134.00,0.00,0.00,0.00,0.00,0.00,0.00,0.00,0.00,0.00,4.40,0.00,0.00,0.00,0.00,0.00,0.00,0.00,16.20,0.00,0.00,0.00,0.00,0.00,7.00,0.00,0.00,0.00,0.00,2.80,0.00,0.00,0.00,0.00,0.00,0.00,0.00,0.00,0.00,0.00,0.00,0.00,0.00,0.00,0.00,0.00,0.00,0.00,0.00,0.00,0.00,0.00,0.00,0.00,0.00,0.00,0.00,0.00,0.00,0.00,0.00,0.00,0.00,0.00,0.00,0.00,0.00,0.00,0.00,0.00,0.00,0.00,0.00,0.00,0.00,0.00,0.00,0.00,0.00,0.00,0.00,0.00,0.00,0.00,0.00,0.00,0.00,0.00,0.00,0.00,0.00,0.00,0.00,200.40
Bothrops atrox,https://www.ncbi.nlm.nih.gov/pubmed/21278006,Brazil,0.00,21.00,0.00,138.00,0.00,0.00,0.00,0.00,0.00,0.00,0.00,0.00,0.00,7.20,0.00,0.00,0.00,0.00,0.00,0.00,0.00,25.60,0.00,0.00,0.00,0.00,0.00,5.20,0.00,0.00,0.00,0.00,3.00,0.00,0.00,0.00,0.00,0.00,0.00,0.00,0.00,0.00,0.00,0.00,0.00,0.00,0.00,0.00,0.00,0.00,0.00,0.00,0.00,0.00,0.00,0.00,0.00,0.00,0.00,0.00,0.00,0.00,0.00,0.00,0.00,0.00,0.00,0.00,0.00,0.00,0.00,0.00,0.00,0.00,0.00,0.00,0.00,0.00,0.00,0.00,0.00,0.00,0.00,0.00,0.00,0.00,0.00,0.00,0.00,0.00,0.00,0.00,0.00,0.00,0.00,0.00,200.00
Bothrops atrox,https://www.ncbi.nlm.nih.gov/pubmed/21278006,Brazil,0.00,32.00,0.00,136.00,0.00,0.00,0.00,0.00,0.00,0.00,0.00,0.00,0.00,4.40,0.00,0.00,0.00,0.00,0.00,0.00,0.00,16.00,0.00,0.00,0.00,0.00,0.00,8.60,0.00,0.00,0.00,0.00,3.00,0.00,0.00,0.00,0.00,0.00,0.00,0.00,0.00,0.00,0.00,0.00,0.00,0.00,0.00,0.00,0.00,0.00,0.00,0.00,0.00,0.00,0.00,0.00,0.00,0.00,0.00,0.00,0.00,0.00,0.00,0.00,0.00,0.00,0.00,0.00,0.00,0.00,0.00,0.00,0.00,0.00,0.00,0.00,0.00,0.00,0.00,0.00,0.00,0.00,0.00,0.00,0.00,0.00,0.00,0.00,0.00,0.00,0.00,0.00,0.00,0.00,0.00,0.00,200.00
Bothrops atrox,https://www.ncbi.nlm.nih.gov/pubmed/28274896,Venezuela,0.00,36.00,0.00,132.00,0.00,0.00,0.00,0.00,0.00,0.00,0.00,1.80,0.00,5.40,0.00,0.00,0.00,0.00,0.00,0.00,0.00,17.00,0.00,0.00,0.00,0.00,0.00,5.00,0.00,0.00,0.00,0.00,2.80,0.00,0.00,0.00,0.00,0.00,0.00,0.00,0.00,0.00,0.00,0.00,0.00,0.00,0.00,0.00,0.00,0.00,0.00,0.00,0.00,0.00,0.00,0.00,0.00,0.00,0.00,0.00,0.00,0.00,0.00,0.00,0.00,0.00,0.00,0.00,0.00,0.00,0.00,0.00,0.00,0.00,0.00,0.00,0.00,0.00,0.00,0.00,0.00,0.00,0.00,0.00,0.00,0.00,0.00,0.00,0.00,0.00,0.00,0.00,0.00,0.00,0.00,0.00,200.00
Bothrops atrox,https://www.ncbi.nlm.nih.gov/pubmed/28274896,Venezuela,0.00,62.00,0.00,108.00,0.00,0.00,0.00,0.00,0.00,0.00,0.00,0.00,0.00,7.60,0.00,0.00,0.00,0.00,0.00,0.00,0.00,15.40,0.00,0.00,0.00,0.00,0.00,4.60,0.00,0.00,0.00,0.00,2.40,0.00,0.00,0.00,0.00,0.00,0.00,0.00,0.00,0.00,0.00,0.00,0.00,0.00,0.00,0.00,0.00,0.00,0.00,0.00,0.00,0.00,0.00,0.00,0.00,0.00,0.00,0.00,0.00,0.00,0.00,0.00,0.00,0.00,0.00,0.00,0.00,0.00,0.00,0.00,0.00,0.00,0.00,0.00,0.00,0.00,0.00,0.00,0.00,0.00,0.00,0.00,0.00,0.00,0.00,0.00,0.00,0.00,0.00,0.00,0.00,0.00,0.00,0.00,200.00
Bothrops atrox,https://www.ncbi.nlm.nih.gov/pubmed/28274896,Venezuelan juvenile,0.00,42.00,0.00,120.00,0.00,0.00,0.00,0.00,0.00,0.00,0.00,0.00,0.00,4.40,0.00,0.00,0.00,0.00,0.00,0.00,0.00,11.00,0.00,0.00,0.00,0.00,0.00,19.00,0.00,0.00,0.00,0.00,3.60,0.00,0.00,0.00,0.00,0.00,0.00,0.00,0.00,0.00,0.00,0.00,0.00,0.00,0.00,0.00,0.00,0.00,0.00,0.00,0.00,0.00,0.00,0.00,0.00,0.00,0.00,0.00,0.00,0.00,0.00,0.00,0.00,0.00,0.00,0.00,0.00,0.00,0.00,0.00,0.00,0.00,0.00,0.00,0.00,0.00,0.00,0.00,0.00,0.00,0.00,0.00,0.00,0.00,0.00,0.00,0.00,0.00,0.00,0.00,0.00,0.00,0.00,0.00,200.00
Bothrops atrox,https://www.ncbi.nlm.nih.gov/pubmed/28274896,Venezuelan adult,0.00,130.00,0.00,40.00,0.00,0.00,0.00,0.00,0.00,0.00,0.00,0.00,0.00,5.60,0.00,0.00,0.00,0.00,0.00,0.00,0.00,17.00,0.00,0.00,0.00,0.00,0.00,4.40,0.00,0.00,0.00,0.00,3.00,0.00,0.00,0.00,0.00,0.00,0.00,0.00,0.00,0.00,0.00,0.00,0.00,0.00,0.00,0.00,0.00,0.00,0.00,0.00,0.00,0.00,0.00,0.00,0.00,0.00,0.00,0.00,0.00,0.00,0.00,0.00,0.00,0.00,0.00,0.00,0.00,0.00,0.00,0.00,0.00,0.00,0.00,0.00,0.00,0.00,0.00,0.00,0.00,0.00,0.00,0.00,0.00,0.00,0.00,0.00,0.00,0.00,0.00,0.00,0.00,0.00,0.00,0.00,200.00
Bothrops atrox,https://www.ncbi.nlm.nih.gov/pubmed/21278006,Colombia,0.00,42.00,0.00,9.60,0.00,6.20,0.00,0.00,0.00,0.00,0.00,0.00,0.00,4.20,0.00,0.00,0.00,0.00,0.00,0.00,0.00,96.00,0.00,0.00,0.00,0.00,0.00,38.00,0.00,0.00,0.00,0.00,4.00,0.00,0.00,0.00,0.00,0.00,0.00,0.00,0.00,0.00,0.00,0.00,0.00,0.00,0.00,0.00,0.00,0.00,0.00,0.00,0.00,0.00,0.00,0.00,0.00,0.00,0.00,0.00,0.00,0.00,0.00,0.00,0.00,0.00,0.00,0.00,0.00,0.00,0.00,0.00,0.00,0.00,0.00,0.00,0.00,0.00,0.00,0.00,0.00,0.00,0.00,0.00,0.00,0.00,0.00,0.00,0.00,0.00,0.00,0.00,0.00,0.00,0.00,0.00,200.00
Bothrops atrox,https://www.ncbi.nlm.nih.gov/pubmed/28274896,Brazil,0.00,17.00,10.40,74.40,0.00,0.00,0.00,0.00,0.00,0.00,0.00,26.20,0.00,7.40,0.00,0.00,0.00,0.00,0.00,0.00,0.00,12.40,0.00,0.00,0.00,0.00,0.00,23.00,0.00,0.00,0.00,0.00,18.20,0.00,0.00,0.00,1.40,0.00,0.00,0.00,0.00,0.00,0.00,0.00,0.00,0.00,0.00,0.00,0.00,0.00,0.00,0.00,0.40,0.00,1.00,0.00,4.80,0.00,3.40,0.00,0.00,0.00,0.00,0.00,0.00,0.00,0.00,0.00,0.00,0.00,0.00,0.00,0.00,0.00,0.00,0.00,0.00,0.00,0.00,0.00,0.00,0.00,0.00,0.00,0.00,0.00,0.00,0.00,0.00,0.00,0.00,0.00,0.00,0.00,0.00,0.00,200.00
Bothrops atrox,https://www.ncbi.nlm.nih.gov/pubmed/28274896,Brazil,0.00,9.20,9.20,74.60,0.00,0.00,0.00,0.00,0.00,0.00,0.00,20.40,0.00,8.60,0.00,0.00,0.00,0.00,0.00,0.00,0.00,15.00,0.00,0.00,0.00,0.00,0.00,28.20,0.00,0.00,0.00,0.00,18.80,0.00,0.00,0.00,2.80,0.00,0.00,0.00,0.00,0.00,0.00,0.00,0.00,0.00,0.00,0.00,0.00,0.00,0.00,0.00,0.40,0.00,2.00,0.00,5.20,0.00,5.20,0.00,0.00,0.00,0.00,0.00,0.00,0.00,0.00,0.00,0.00,0.00,0.00,0.00,0.00,0.00,0.00,0.00,0.00,0.00,0.00,0.00,0.00,0.00,0.00,0.00,0.00,0.00,0.00,0.00,0.00,0.00,0.00,0.00,0.00,0.00,0.00,0.40,200.00
Bothrops atrox,https://www.ncbi.nlm.nih.gov/pubmed/28274896,Brazil,0.00,13.00,9.20,80.60,0.00,0.00,0.00,0.00,0.00,0.00,0.00,26.20,0.00,8.60,0.00,0.00,0.00,0.00,0.00,0.00,0.00,11.40,0.00,0.00,0.00,0.00,0.00,20.60,0.00,0.00,0.00,0.00,17.40,0.00,0.00,0.00,1.40,0.00,0.00,0.00,0.00,0.00,0.00,0.00,0.00,0.00,0.00,0.00,0.00,0.00,0.00,0.00,0.40,0.00,1.60,0.00,5.40,0.00,4.20,0.00,0.00,0.00,0.00,0.00,0.00,0.00,0.00,0.00,0.00,0.00,0.00,0.00,0.00,0.00,0.00,0.00,0.00,0.00,0.00,0.00,0.00,0.00,0.00,0.00,0.00,0.00,0.00,0.00,0.00,0.00,0.00,0.00,0.00,0.00,0.00,0.00,200.00
Bothrops atrox,https://www.ncbi.nlm.nih.gov/pubmed/28274896,Brazil,0.00,11.80,10.40,85.80,0.00,0.00,0.00,0.00,0.00,0.00,0.00,23.60,0.00,7.60,0.00,0.00,0.00,0.00,0.00,0.00,0.00,12.80,0.00,0.00,0.00,0.00,0.00,19.40,0.00,0.00,0.00,0.00,17.40,0.00,0.00,0.00,1.80,0.00,0.00,0.00,0.00,0.00,0.00,0.00,0.00,0.00,0.00,0.00,0.00,0.00,0.00,0.00,0.40,0.00,1.60,0.00,4.40,0.00,3.40,0.00,0.00,0.00,0.00,0.00,0.00,0.00,0.00,0.00,0.00,0.00,0.00,0.00,0.00,0.00,0.00,0.00,0.00,0.00,0.00,0.00,0.00,0.00,0.00,0.00,0.00,0.00,0.00,0.00,0.00,0.00,0.00,0.00,0.00,0.00,0.00,0.00,200.40
Bothrops atrox,https://www.ncbi.nlm.nih.gov/pubmed/24069493,Brazil,0.00,11.60,13.00,84.60,0.00,0.00,0.00,0.00,0.00,0.00,0.00,24.40,0.00,4.20,0.00,0.00,0.00,0.00,0.00,0.00,3.00,6.60,0.00,0.00,0.00,0.00,0.00,16.20,0.00,0.00,0.00,0.00,28.40,0.00,0.00,0.00,0.00,0.00,0.00,0.00,0.00,0.00,0.00,0.00,0.00,0.00,0.00,0.00,0.00,0.00,0.00,0.00,0.60,0.00,0.60,0.00,2.80,0.00,0.00,0.00,0.00,0.00,1.80,0.00,0.00,0.00,0.00,0.00,0.00,0.00,0.00,0.00,0.00,0.00,0.00,0.00,0.00,0.00,0.00,0.00,0.00,0.00,0.00,0.00,0.00,0.00,0.00,0.00,0.00,0.00,0.00,2.40,0.00,0.00,0.00,0.00,200.20
Bothrops jararaca,https://www.ncbi.nlm.nih.gov/pubmed/24069493,Brazil,0.00,2.66,6.58,20.72,0.00,0.00,0.00,0.00,0.00,0.00,0.00,17.08,0.00,0.98,0.00,0.00,0.00,0.00,0.00,0.00,0.56,2.24,0.00,0.00,0.00,0.00,0.00,8.19,0.00,0.00,0.00,0.00,7.49,0.00,0.00,0.00,1.26,0.00,0.00,0.00,0.00,0.00,0.00,0.00,0.00,0.00,0.00,0.00,0.00,0.00,0.00,0.00,0.00,0.00,0.21,0.00,0.91,0.00,0.00,0.00,0.00,0.00,0.28,0.00,0.00,0.00,0.00,0.00,0.00,0.00,0.00,0.00,0.00,0.00,0.00,0.00,0.00,0.00,0.00,0.00,0.00,0.00,0.00,0.00,0.00,0.00,0.00,0.00,0.00,0.00,0.00,0.77,0.00,0.00,0.00,0.07,70.00
Bothrops jararaca*,https://www.ncbi.nlm.nih.gov/pubmed/25968638,Brazil (south),0.00,2.46,0.00,4.58,0.00,0.14,0.00,0.00,0.00,0.00,0.00,2.66,0.27,1.76,0.00,0.00,0.00,0.00,0.00,0.00,0.11,13.59,0.00,0.00,0.00,0.00,0.00,19.37,0.00,0.00,0.00,0.00,5.46,15.47,0.00,0.00,0.00,0.00,0.00,0.00,0.00,0.00,0.00,0.00,0.00,0.00,0.00,0.00,0.00,0.00,0.00,0.00,0.00,0.00,0.21,0.00,0.01,0.00,0.14,0.00,0.00,0.00,0.03,0.00,0.00,0.00,0.00,0.00,0.00,0.00,0.00,0.00,3.75,0.00,0.00,0.00,0.00,0.00,0.00,0.00,0.00,0.00,0.00,0.00,0.00,0.00,0.00,0.00,0.00,0.00,0.00,0.00,0.00,0.00,0.00,0.00,70.00
Bothrops jararaca*,https://www.ncbi.nlm.nih.gov/pubmed/25968638,Brazil (south-east),0.00,7.28,0.00,17.64,0.00,4.90,0.00,0.00,0.00,0.00,0.00,6.51,0.42,1.68,0.00,0.00,0.00,0.00,0.00,0.00,0.49,2.59,0.00,0.00,0.00,0.00,0.00,9.59,0.00,0.00,0.00,0.00,5.04,11.48,0.00,0.00,1.19,0.00,0.00,0.00,0.00,0.00,0.00,0.00,0.00,0.00,0.00,0.00,0.00,0.00,0.00,0.00,0.00,0.00,0.00,0.00,0.00,0.00,0.00,0.00,0.00,0.00,0.00,0.00,0.00,0.00,0.00,0.00,0.00,0.00,0.00,0.00,0.21,0.00,0.00,0.00,0.00,0.00,0.00,0.00,0.00,0.00,0.00,0.00,0.00,0.00,0.00,0.00,0.00,0.00,0.00,0.00,0.00,0.00,0.00,0.98,70.00
Bothrops jararacussu,https://www.ncbi.nlm.nih.gov/pubmed/24069493,Brazil,0.00,15.00,45.00,202.00,0.00,0.00,0.00,0.00,0.00,0.00,0.00,97.00,0.00,22.00,0.00,0.00,0.00,0.00,0.00,0.00,17.00,257.00,0.00,0.00,0.00,0.00,0.00,123.00,0.00,0.00,0.00,0.00,150.00,0.00,0.00,0.00,0.00,0.00,0.00,0.00,0.00,0.00,0.00,0.00,0.00,0.00,0.00,0.00,0.00,0.00,0.00,0.00,0.00,0.00,6.00,0.00,17.00,0.00,0.00,0.00,0.00,0.00,10.00,0.00,0.00,0.00,0.00,0.00,0.00,0.00,0.00,0.00,0.00,0.00,0.00,0.00,0.00,0.00,0.00,0.00,0.00,0.00,0.00,0.00,0.00,0.00,0.00,0.00,0.00,0.00,0.00,39.00,0.00,0.00,0.00,0.00,"1,000.00"
Bungarus caeruleus,https://www.ncbi.nlm.nih.gov/pubmed/28476572,Sri Lanka,0.39,0.00,0.00,0.00,0.00,0.00,0.00,0.00,0.00,0.00,0.00,0.00,0.00,1.65,5.70,0.00,0.00,0.00,0.00,0.00,0.00,17.97,0.00,1.38,0.00,0.00,0.00,0.00,0.00,1.32,0.00,0.00,0.00,0.00,0.00,0.00,0.00,0.00,0.00,0.00,0.00,0.00,0.00,0.00,0.00,0.00,0.00,0.00,0.00,0.00,0.00,0.00,0.00,0.00,0.03,0.00,0.00,0.48,0.00,0.00,0.00,0.00,0.00,0.00,0.00,0.00,0.00,0.00,0.00,0.00,0.00,0.00,0.00,0.00,0.00,0.00,0.00,0.00,0.00,0.00,0.00,0.00,0.00,0.00,0.00,0.00,0.00,0.00,0.00,0.00,0.00,0.00,0.00,0.00,0.00,1.08,30.00
Bungarus candidus,https://www.ncbi.nlm.nih.gov/pubmed/25154052,Malaya,3.32,0.00,0.00,0.00,0.00,0.00,0.00,0.00,0.00,0.00,0.00,0.00,0.00,2.64,20.38,0.00,0.00,0.00,0.00,0.00,0.68,17.06,0.00,0.00,0.00,0.00,0.00,2.64,0.00,8.53,0.00,0.00,3.93,0.00,0.00,0.00,0.00,0.00,0.68,0.00,0.00,0.00,0.00,0.00,0.00,0.00,0.00,0.00,0.00,0.00,0.00,1.29,1.29,0.00,0.68,0.00,0.00,3.32,0.00,0.00,0.68,0.68,0.00,0.00,0.00,0.00,0.00,0.00,0.00,0.00,0.00,0.00,0.00,0.00,0.00,0.00,0.00,0.00,0.00,0.00,0.00,0.00,0.00,0.00,0.00,0.00,0.00,0.00,0.00,0.00,0.00,0.00,0.00,0.00,0.00,0.00,67.77
Bungarus fasciatus,https://www.ncbi.nlm.nih.gov/pubmed/25154052,Malaya,5.36,0.00,0.00,0.00,0.00,0.00,0.00,0.00,0.00,0.00,0.00,0.00,0.00,1.37,19.84,0.00,0.00,0.00,0.00,0.00,0.00,50.39,0.00,0.00,0.00,0.00,0.00,6.61,0.00,10.60,0.00,0.00,6.61,0.00,0.00,0.00,1.37,0.00,0.00,0.00,0.00,0.00,0.00,0.00,0.00,0.00,0.00,0.00,0.00,0.00,0.00,0.00,0.00,0.00,0.00,0.00,1.37,5.36,2.62,0.00,1.37,1.37,0.00,0.00,0.00,0.00,0.00,0.00,0.00,0.00,0.00,0.00,0.00,0.00,0.00,0.00,0.00,0.00,0.00,0.00,0.00,0.00,0.00,0.00,0.00,0.00,0.00,0.00,0.00,0.00,0.00,0.00,0.00,0.00,0.00,0.00,114.23
Bungarus fasciatus,https://www.ncbi.nlm.nih.gov/pubmed/26341420,Vietnam,4.04,0.00,0.00,0.00,0.00,0.00,0.00,0.00,0.00,0.00,0.00,0.00,0.00,0.48,1.45,0.00,0.00,0.00,0.00,0.00,0.81,76.19,0.00,0.00,0.00,0.00,0.00,0.00,0.00,2.09,0.00,0.00,8.06,0.00,0.00,0.00,0.11,0.00,0.00,0.00,0.00,0.00,0.00,0.00,0.00,0.00,0.00,0.00,0.00,0.00,0.00,0.00,0.00,0.00,1.25,0.00,0.00,5.79,0.00,0.00,0.00,0.00,0.00,0.00,0.00,0.00,0.00,0.00,0.00,0.00,0.00,0.75,0.00,0.00,0.00,0.00,0.00,0.00,0.00,0.00,0.00,0.00,0.00,0.00,0.00,0.00,0.00,0.00,0.00,0.00,0.00,0.00,0.00,0.00,0.00,12.98,114.00
Bungarus multicinctus,https://www.ncbi.nlm.nih.gov/pubmed/26341420,Vietnam,0.14,0.00,0.00,0.00,0.00,0.00,0.00,0.00,0.00,0.00,0.00,0.00,0.00,0.45,5.06,0.00,0.00,0.00,0.00,0.00,0.06,2.82,0.00,0.00,0.00,0.00,0.00,0.01,0.00,0.42,0.00,0.00,0.39,0.00,0.00,0.00,0.01,0.00,0.02,0.00,0.00,0.00,0.00,0.00,0.00,0.00,0.00,0.00,0.00,0.00,0.00,0.03,0.05,0.00,0.06,0.00,0.00,0.20,0.00,0.00,0.00,0.00,0.00,0.00,0.00,0.00,0.00,0.00,0.00,0.00,0.00,7.50,0.00,0.00,0.00,0.00,0.00,0.00,0.00,0.00,0.00,0.00,0.00,0.00,0.00,0.00,0.00,0.00,0.00,0.00,0.00,0.00,0.00,0.00,0.00,1.17,18.40
Calloselasma rhodostoma,https://www.ncbi.nlm.nih.gov/pubmed/27418434,Malaysia,0.00,12.24,11.88,0.60,0.00,0.00,0.00,0.00,0.00,0.00,0.00,15.60,0.00,0.00,0.00,0.00,0.00,0.00,0.00,0.00,0.54,0.00,0.00,0.00,0.00,0.00,0.00,8.94,0.00,0.00,0.00,0.00,4.20,0.00,0.00,0.00,0.00,0.00,0.00,0.00,0.00,0.00,0.00,0.00,0.00,0.00,0.00,0.00,0.00,0.00,0.00,0.00,0.00,0.00,0.36,0.00,0.12,0.00,0.18,0.00,0.00,0.00,0.00,0.00,0.00,0.00,0.00,0.00,0.00,0.00,0.00,0.00,0.00,0.00,0.00,0.00,0.00,0.00,0.00,0.00,0.00,0.00,0.06,0.36,0.00,0.00,0.00,0.00,0.00,0.00,0.00,0.00,0.00,0.00,0.00,4.92,60.00
Cerastes cerastes cerastes,https://www.ncbi.nlm.nih.gov/pubmed/16206329,Tunesia,44.40,0.00,0.00,0.00,0.00,0.00,0.00,0.00,0.00,0.00,9.60,28.80,0.00,0.00,0.00,0.00,0.00,0.00,0.00,0.00,0.00,24.00,0.00,0.00,0.00,0.00,0.00,10.80,0.00,0.00,0.00,0.00,14.40,0.00,0.00,0.00,0.00,0.00,0.00,0.00,0.00,0.00,0.00,0.00,0.00,0.00,0.00,0.00,0.00,0.00,0.00,0.00,0.00,0.00,0.00,0.00,0.00,0.00,0.00,0.00,0.00,0.00,0.00,0.00,0.00,0.00,0.00,0.00,0.00,0.00,0.00,0.00,0.00,0.00,0.00,0.00,0.00,0.00,0.00,0.00,0.00,0.00,0.00,0.00,0.00,0.00,0.00,0.00,0.00,0.00,0.00,0.00,0.00,0.00,0.00,0.00,132.00
Cerastes cerastes cerastes,https://www.ncbi.nlm.nih.gov/pubmed/22387316,Morocco,0.00,7.66,0.00,75.64,0.00,0.00,0.00,0.00,0.00,0.00,11.22,2.24,0.00,0.92,0.00,0.00,0.00,0.00,0.00,0.00,0.00,25.21,0.00,0.00,0.00,0.00,0.00,9.11,0.00,0.00,0.00,0.00,0.00,0.00,0.00,0.00,0.00,0.00,0.00,0.00,0.00,0.00,0.00,0.00,0.00,0.00,0.00,0.00,0.00,0.00,0.00,0.00,0.00,0.00,0.00,0.00,0.00,0.00,0.00,0.00,0.00,0.00,0.00,0.00,0.00,0.00,0.00,0.00,0.00,0.00,0.00,0.00,0.00,0.00,0.00,0.00,0.00,0.00,0.00,0.00,0.00,0.00,0.00,0.00,0.00,0.00,0.00,0.00,0.00,0.00,0.00,0.00,0.00,0.00,0.00,0.00,132.00
Cerastes cerastes cerastes,https://www.ncbi.nlm.nih.gov/pubmed/22387316,Tunesia,0.00,0.00,0.00,73.79,0.00,0.00,0.00,0.00,0.00,0.00,6.47,4.22,0.00,0.00,0.00,0.00,0.00,0.00,0.00,0.00,0.00,21.91,0.00,0.00,0.00,0.00,0.00,17.42,0.00,0.00,0.00,0.00,8.18,0.00,0.00,0.00,0.00,0.00,0.00,0.00,0.00,0.00,0.00,0.00,0.00,0.00,0.00,0.00,0.00,0.00,0.00,0.00,0.00,0.00,0.00,0.00,0.00,0.00,0.00,0.00,0.00,0.00,0.00,0.00,0.00,0.00,0.00,0.00,0.00,0.00,0.00,0.00,0.00,0.00,0.00,0.00,0.00,0.00,0.00,0.00,0.00,0.00,0.00,0.00,0.00,0.00,0.00,0.00,0.00,0.00,0.00,0.00,0.00,0.00,0.00,0.00,132.00
Cerastes vipera,https://www.ncbi.nlm.nih.gov/pubmed/16206329,Tunesia,20.64,0.00,0.00,0.00,0.00,0.00,0.00,0.00,0.00,0.00,0.43,0.43,0.00,0.00,0.00,0.00,0.00,0.00,0.00,0.00,0.00,9.03,0.00,0.00,0.00,0.00,0.00,8.60,0.00,0.00,0.00,0.00,3.87,0.00,0.00,0.00,0.00,0.00,0.00,0.00,0.00,0.00,0.00,0.00,0.00,0.00,0.00,0.00,0.00,0.00,0.00,0.00,0.00,0.00,0.00,0.00,0.00,0.00,0.00,0.00,0.00,0.00,0.00,0.00,0.00,0.00,0.00,0.00,0.00,0.00,0.00,0.00,0.00,0.00,0.00,0.00,0.00,0.00,0.00,0.00,0.00,0.00,0.00,0.00,0.00,0.00,0.00,0.00,0.00,0.00,0.00,0.00,0.00,0.00,0.00,0.00,43.00
Cerrophidion godmani,https://www.ncbi.nlm.nih.gov/pubmed/22212456,Costa Rica,6.56,0.00,0.00,0.00,0.00,1.50,0.00,0.00,0.00,0.00,0.00,0.10,0.00,0.84,0.00,0.00,0.00,0.00,0.00,0.00,0.00,4.68,0.00,0.00,0.00,0.00,0.00,3.82,0.00,0.00,0.00,0.00,1.00,0.00,1.14,0.00,0.00,0.00,0.00,0.00,0.00,0.00,0.00,0.00,0.00,0.00,0.00,0.00,0.00,0.00,0.00,0.00,0.00,0.00,0.00,0.00,0.26,0.00,0.00,0.00,0.00,0.00,0.00,0.00,0.00,0.00,0.00,0.00,0.00,0.00,0.00,0.00,0.00,0.00,0.00,0.00,0.00,0.00,0.00,0.00,0.00,0.00,0.00,0.00,0.00,0.00,0.00,0.00,0.00,0.00,0.00,0.00,0.00,0.00,0.00,0.10,20.00
Crotalus adamanteus,https://www.ncbi.nlm.nih.gov/pubmed/24231107,Florida,0.00,0.00,33.92,101.76,0.00,0.00,0.00,0.00,0.00,0.00,0.00,42.40,0.00,23.74,0.00,0.00,0.00,0.00,0.00,0.00,0.00,237.44,0.00,0.00,0.00,0.00,0.00,212.00,0.00,0.00,0.00,0.00,1.70,0.00,0.00,0.00,0.00,0.00,0.00,0.00,0.00,195.04,0.00,0.00,0.00,0.00,0.00,0.00,0.00,0.00,0.00,0.00,0.00,0.00,0.00,0.00,0.00,0.00,0.00,0.00,0.00,0.00,0.00,0.00,0.00,0.00,0.00,0.00,0.00,0.00,0.00,0.00,0.00,0.00,0.00,0.00,0.00,0.00,0.00,0.00,0.00,0.00,0.00,0.00,0.00,0.00,0.00,0.00,0.00,0.00,0.00,0.00,0.00,0.00,0.00,0.00,848.00
Crotalus adamanteus*,https://www.ncbi.nlm.nih.gov/pubmed/23025625,Transcriptomics,206.91,0.00,0.00,0.00,0.00,0.00,0.00,0.00,0.00,0.00,0.00,188.26,0.00,11.02,0.00,0.00,0.00,0.00,0.00,0.00,0.00,66.14,0.00,0.00,0.00,0.00,0.00,169.60,0.00,0.00,0.00,0.00,44.94,0.00,0.00,0.00,0.00,0.00,0.00,0.00,0.00,0.00,0.00,0.00,0.00,0.00,0.00,0.00,0.00,0.00,142.46,0.00,0.00,0.00,0.00,0.00,0.00,0.00,0.00,0.00,0.00,0.00,0.00,0.00,0.00,0.00,0.00,0.00,0.00,0.00,0.00,0.00,0.00,0.00,0.00,0.00,0.00,0.00,0.00,0.00,0.00,0.00,0.00,0.00,0.00,0.00,0.00,0.00,0.00,0.00,0.00,0.00,0.00,0.00,0.00,18.66,848.00
Crotalus atrox,https://www.ncbi.nlm.nih.gov/pubmed/19371136,Origin unknown,0.00,253.16,0.00,308.58,0.00,0.00,0.00,70.07,0.00,0.00,0.00,19.24,0.00,48.55,0.00,0.00,0.00,0.00,0.00,0.00,0.00,82.55,0.00,0.00,0.00,0.00,0.00,223.85,0.00,0.00,0.00,0.00,90.46,0.00,10.19,12.48,12.48,0.00,11.34,0.00,0.00,0.00,0.00,0.00,0.00,0.00,0.00,0.00,0.00,0.00,0.00,0.00,0.00,0.00,0.00,0.00,0.00,0.00,0.00,0.00,0.00,0.00,1.15,0.00,0.00,0.00,0.00,0.00,0.00,0.00,0.00,0.00,0.00,0.00,0.00,0.00,0.00,0.00,0.00,0.00,0.00,0.00,0.00,0.00,0.00,0.00,0.00,0.00,0.00,0.00,0.00,0.00,0.00,1.15,0.00,0.00,"1,145.23"
Crotalus basiliscus,https://www.ncbi.nlm.nih.gov/pubmed/28238904,Mexico,201.96,0.00,0.00,0.00,11.88,0.00,0.00,0.00,0.00,0.00,0.00,0.00,0.00,0.00,0.00,0.00,0.00,0.00,0.00,0.00,0.00,41.58,0.00,0.00,0.00,0.00,0.00,32.67,0.00,0.00,0.00,0.00,0.00,0.00,5.94,0.00,0.00,0.00,0.00,0.00,0.00,0.00,0.00,0.00,0.00,0.00,0.00,0.00,0.00,0.00,0.00,0.00,0.00,0.00,0.00,0.00,0.00,0.00,0.00,0.00,0.00,0.00,0.00,0.00,0.00,0.00,0.00,0.00,0.00,0.00,0.00,0.00,0.00,0.00,0.00,0.00,0.00,0.00,0.00,0.00,0.00,0.00,0.00,0.00,0.00,0.00,0.00,0.00,0.00,0.00,0.00,0.00,0.00,0.00,0.00,2.97,297.00
Crotalus durissus cascavella,https://www.ncbi.nlm.nih.gov/pubmed/20542151,Brazil,0.00,0.00,0.00,0.10,0.00,0.20,0.00,0.00,0.00,0.00,0.00,0.10,0.00,0.90,0.00,0.00,0.00,0.00,0.00,0.00,0.00,18.10,0.00,0.00,0.00,0.00,72.50,1.20,0.00,0.00,0.00,0.00,0.10,0.00,0.00,0.00,1.10,0.00,0.00,0.00,0.00,0.00,0.00,0.00,0.00,0.00,0.00,0.00,0.00,0.00,0.00,0.00,0.00,0.00,0.00,0.00,0.00,0.00,0.00,0.00,0.00,0.00,0.00,0.00,0.00,0.00,0.00,0.00,0.00,0.00,0.00,0.00,0.00,0.00,0.00,0.00,0.00,0.00,0.00,0.00,0.00,0.00,0.00,0.00,0.00,0.00,0.00,0.00,0.00,0.00,0.00,0.00,0.00,0.00,0.00,5.70,100.00
Crotalus durissus collilineatus,https://www.ncbi.nlm.nih.gov/pubmed/20542151,Brazil,0.00,0.00,0.00,2.30,0.00,0.40,0.00,0.00,0.00,0.00,0.00,0.10,0.00,1.60,0.00,0.00,0.00,0.00,0.00,0.00,0.00,11.30,0.00,0.00,0.00,0.00,79.60,0.50,0.00,0.00,0.00,0.00,2.60,0.00,0.00,0.00,2.60,0.00,0.00,0.00,0.00,0.00,0.00,0.00,0.00,0.00,0.00,0.00,0.00,0.00,0.00,0.00,0.00,0.00,0.00,0.00,0.00,0.00,0.00,0.00,0.00,0.00,0.00,0.00,0.00,0.00,0.00,0.00,0.00,0.00,0.00,0.00,0.00,0.00,0.00,0.00,0.00,0.00,0.00,0.00,0.00,0.00,0.00,0.00,0.00,0.00,0.00,0.00,0.00,0.00,0.00,0.00,0.00,0.00,0.00,0.00,101.00
Crotalus durissus collilineatus,https://www.ncbi.nlm.nih.gov/pubmed/20542151,Brazil,0.00,0.00,0.00,0.40,0.00,0.50,0.00,0.00,0.00,0.00,0.00,0.10,0.00,1.80,0.00,0.00,0.00,0.00,0.00,0.00,0.00,4.60,0.00,0.00,0.00,0.00,67.40,1.90,0.00,0.00,0.00,0.00,0.50,0.00,0.00,0.00,2.10,0.00,0.00,0.00,0.00,0.00,0.00,0.00,0.00,0.00,0.00,0.00,0.00,0.00,20.80,0.00,0.00,0.00,0.00,0.00,0.00,0.00,0.00,0.00,0.00,0.00,0.00,0.00,0.00,0.00,0.00,0.00,0.00,0.00,0.00,0.00,0.00,0.00,0.00,0.00,0.00,0.00,0.00,0.00,0.00,0.00,0.00,0.00,0.00,0.00,0.00,0.00,0.00,0.00,0.00,0.00,0.00,0.00,0.00,0.00,100.10
Crotalus durissus collilineatus,https://www.ncbi.nlm.nih.gov/pubmed/20542151,Brazil,3.00,0.00,0.00,0.00,0.00,0.00,0.00,0.00,0.00,0.00,0.00,0.00,0.00,0.00,0.00,0.00,0.00,0.00,0.00,0.00,0.00,0.00,0.00,0.00,0.00,0.00,88.00,2.50,0.00,0.00,0.00,0.00,0.00,0.00,0.00,0.00,4.00,0.00,0.00,0.00,0.00,0.00,0.00,0.00,0.00,0.00,0.00,0.00,0.00,0.00,0.00,0.00,0.00,0.00,0.00,0.00,0.00,0.00,0.00,0.00,0.00,0.00,0.00,0.00,0.00,0.00,0.00,0.00,0.00,0.00,0.00,0.00,0.00,0.00,0.00,0.00,0.00,0.00,0.00,0.00,0.00,0.00,0.00,0.00,0.00,0.00,0.00,0.00,0.00,0.00,0.00,0.00,0.00,0.00,0.00,2.50,100.00
Crotalus durissus cumanensis,https://www.ncbi.nlm.nih.gov/pubmed/19863078,Venezuela,0.00,6.80,0.00,58.00,0.00,7.90,0.00,0.00,0.00,0.00,0.00,2.50,0.00,0.00,0.00,0.00,0.00,0.00,0.00,0.00,0.00,3.40,0.00,0.00,0.00,0.00,2.60,1.90,0.00,0.00,0.00,0.00,2.70,0.00,0.00,1.10,0.00,0.00,0.00,0.00,0.00,0.00,0.00,0.00,0.00,0.00,0.00,0.00,0.00,0.00,13.10,0.00,0.00,0.00,0.00,0.00,0.00,0.00,0.00,0.00,0.00,0.00,0.00,0.00,0.00,0.00,0.00,0.00,0.00,0.00,0.00,0.00,0.00,0.00,0.00,0.00,0.00,0.00,0.00,0.00,0.00,0.00,0.00,0.00,0.00,0.00,0.00,0.00,0.00,0.00,0.00,0.00,0.00,0.00,0.00,0.00,100.00
Crotalus durissus durissus,https://www.ncbi.nlm.nih.gov/pubmed/19863078,Guyana,0.00,0.00,0.00,2.40,0.00,0.00,0.00,0.00,0.00,0.00,0.00,0.20,0.00,0.00,0.00,0.00,0.00,0.00,0.00,0.00,0.00,2.00,0.00,0.00,0.00,0.00,68.00,5.10,0.00,0.00,0.00,0.00,3.60,0.00,0.00,0.90,0.00,0.00,0.00,0.00,0.00,0.00,0.00,0.00,0.00,0.00,0.00,0.00,0.00,0.00,18.00,0.00,0.00,0.00,0.00,0.00,0.00,0.00,0.00,0.00,0.00,0.00,0.00,0.00,0.00,0.00,0.00,0.00,0.00,0.00,0.00,0.00,0.00,0.00,0.00,0.00,0.00,0.00,0.00,0.00,0.00,0.00,0.00,0.00,0.00,0.00,0.00,0.00,0.00,0.00,0.00,0.00,0.00,0.00,0.00,0.00,100.20
Crotalus durissus ruruima,https://www.ncbi.nlm.nih.gov/pubmed/19863078,Brazil,0.00,0.00,0.00,2.90,0.00,0.00,0.00,0.00,0.00,0.00,0.00,4.30,0.00,0.00,0.00,0.00,0.00,0.00,0.00,0.00,0.00,0.00,0.00,0.00,0.00,0.00,82.70,8.10,0.00,0.00,0.00,0.00,0.50,0.00,0.00,0.10,0.00,0.00,0.00,0.00,0.00,0.00,0.00,0.00,0.00,0.00,0.00,0.00,0.00,0.00,1.50,0.00,0.00,0.00,0.00,0.00,0.00,0.00,0.00,0.00,0.00,0.00,0.00,0.00,0.00,0.00,0.00,0.00,0.00,0.00,0.00,0.00,0.00,0.00,0.00,0.00,0.00,0.00,0.00,0.00,0.00,0.00,0.00,0.00,0.00,0.00,0.00,0.00,0.00,0.00,0.00,0.00,0.00,0.00,0.00,0.00,100.10
Crotalus durissus terrificus,https://www.ncbi.nlm.nih.gov/pubmed/19863078,Brazil,0.00,0.00,0.00,4.80,0.00,0.00,0.00,0.00,0.00,0.00,0.00,1.70,0.00,0.00,0.00,0.00,0.00,0.00,0.00,0.00,0.00,0.00,0.00,0.00,0.00,0.00,59.50,8.20,0.00,0.00,0.00,0.00,4.50,0.00,0.50,1.80,0.00,0.00,0.00,0.00,0.00,0.00,0.00,0.00,0.00,0.00,0.00,0.00,0.00,0.00,19.00,0.00,0.00,0.00,0.00,0.00,0.00,0.00,0.00,0.00,0.00,0.00,0.00,0.00,0.00,0.00,0.00,0.00,0.00,0.00,0.00,0.00,0.00,0.00,0.00,0.00,0.00,0.00,0.00,0.00,0.00,0.00,0.00,0.00,0.00,0.00,0.00,0.00,0.00,0.00,0.00,0.00,0.00,0.00,0.00,0.00,100.00
Crotalus durissus terrificus,https://www.ncbi.nlm.nih.gov/pubmed/20205475,Origin unknown,3.90,0.00,0.00,0.00,0.00,0.00,0.00,0.00,0.00,0.00,0.00,0.00,0.00,0.00,0.00,0.00,0.00,0.00,0.00,0.00,0.00,48.50,0.00,0.00,0.00,0.00,0.00,25.30,0.00,0.00,0.00,0.00,0.00,0.00,0.00,0.00,0.00,0.00,0.00,0.00,0.00,0.00,0.00,0.00,0.00,0.00,0.00,0.00,0.00,0.00,0.00,0.00,0.00,0.00,1.90,0.00,1.90,0.00,7.80,0.00,0.00,0.00,1.00,0.00,0.00,0.00,0.00,0.00,0.00,0.00,0.00,0.00,0.00,0.00,0.00,0.00,0.00,0.00,0.00,0.00,0.00,0.00,0.00,0.00,0.00,0.00,0.00,0.00,0.00,0.00,0.00,0.00,0.00,9.70,0.00,0.00,100.00
Crotalus horridus*,https://www.ncbi.nlm.nih.gov/pubmed/23758969,Florida,0.23,0.00,0.00,0.00,0.00,0.00,0.00,0.00,0.00,0.00,0.00,0.50,0.00,1.83,0.00,0.00,0.00,0.00,0.00,0.00,0.00,52.21,0.00,0.00,0.00,0.00,0.00,133.28,0.00,0.00,0.00,0.00,2.52,0.00,0.00,0.00,0.00,0.00,0.00,0.00,0.00,0.00,0.00,0.00,0.00,0.00,0.00,0.00,0.00,0.00,0.46,0.00,0.00,0.00,0.00,0.00,0.00,0.00,0.00,0.00,0.00,0.00,0.00,0.00,0.00,0.00,0.00,0.00,0.00,0.00,0.00,0.00,0.00,0.00,0.00,0.00,0.00,0.00,0.00,0.00,0.00,0.00,0.00,0.00,0.00,0.00,0.00,0.00,0.00,0.00,0.00,0.00,0.00,0.00,0.00,37.97,229.00
Crotalus scutulatus scutulatus,https://www.ncbi.nlm.nih.gov/pubmed/22446891,Arizona (A-101),0.00,12.15,0.00,74.70,0.00,0.00,0.00,0.00,0.00,0.00,0.00,0.15,0.00,0.00,0.00,0.00,0.00,0.00,0.00,0.00,0.00,0.00,0.00,0.00,0.00,16.65,0.00,36.90,0.00,0.00,0.00,0.00,1.65,7.65,0.00,0.00,0.00,0.00,0.00,0.00,0.00,0.00,0.00,0.00,0.00,0.00,0.00,0.00,0.00,0.00,0.00,0.00,0.00,0.00,0.00,0.00,0.00,0.00,0.00,0.00,0.00,0.00,0.00,0.00,0.00,0.00,0.00,0.00,0.00,0.00,0.00,0.00,0.00,0.00,0.00,0.00,0.00,0.00,0.00,0.00,0.00,0.00,0.00,0.00,0.00,0.00,0.00,0.00,0.00,0.00,0.00,0.00,0.00,0.75,0.00,0.00,150.60
Crotalus scutulatus scutulatus,https://www.ncbi.nlm.nih.gov/pubmed/22446891,Arizona (F-303),0.00,0.00,0.00,0.15,0.00,0.00,0.00,0.00,0.00,0.00,0.00,0.00,0.00,0.00,0.00,0.00,0.00,0.00,0.00,0.00,0.00,0.00,0.00,0.00,0.00,15.75,0.00,54.30,0.00,0.00,0.00,0.00,0.15,5.85,0.00,0.00,0.00,0.00,0.00,0.00,0.00,0.00,70.50,0.00,0.00,0.00,0.00,0.00,0.00,0.00,0.00,0.00,0.00,0.00,0.00,0.00,0.00,0.00,0.00,0.00,0.00,0.00,0.00,0.00,0.00,0.00,0.00,0.00,0.00,0.00,0.00,0.00,0.00,0.00,0.00,0.00,0.00,0.00,0.00,0.00,0.00,0.00,0.00,0.00,0.00,0.00,0.00,0.00,0.00,0.00,0.00,0.00,0.00,3.60,0.00,0.00,150.30
Crotalus scutulatus scutulatus,https://www.ncbi.nlm.nih.gov/pubmed/22446891,Arizona (F-307),0.00,0.00,0.00,0.15,0.00,0.00,0.00,0.00,0.00,0.00,0.00,0.00,0.00,0.15,0.00,0.00,0.00,0.00,0.00,0.00,0.00,0.00,0.00,0.00,0.00,10.35,0.00,62.40,0.00,0.00,0.00,0.00,0.15,4.80,0.00,0.00,0.00,0.00,0.00,0.00,0.00,0.00,67.95,0.00,0.00,0.00,0.00,0.00,0.00,0.00,0.00,0.00,0.00,0.00,0.00,0.00,0.00,0.00,0.00,0.00,0.00,0.00,0.00,0.00,0.00,0.00,0.00,0.00,0.00,0.00,0.00,0.00,0.00,0.00,0.00,0.00,0.00,0.00,0.00,0.00,0.00,0.00,0.00,0.00,0.00,0.00,0.00,0.00,0.00,0.00,0.00,0.00,0.00,4.35,0.00,0.00,150.30
Crotalus scutulatus scutulatus,https://www.ncbi.nlm.nih.gov/pubmed/22446891,Arizona (E-105),0.00,0.00,0.00,0.15,0.00,0.00,0.00,0.00,0.00,0.00,0.00,0.00,0.00,0.00,0.00,0.00,0.00,0.00,0.00,0.00,0.00,0.00,0.00,0.00,0.00,13.35,0.00,56.40,0.00,0.00,0.00,0.00,0.15,4.35,0.00,0.00,0.00,0.00,0.00,0.00,0.00,44.40,26.55,0.00,0.00,0.00,0.00,0.00,0.00,0.00,0.00,0.00,0.00,0.00,0.00,0.00,0.00,0.00,0.00,0.00,0.00,0.00,0.00,0.00,0.00,0.00,0.00,0.00,0.00,0.00,0.00,0.00,0.00,0.00,0.00,0.00,0.00,0.00,0.00,0.00,0.00,0.00,0.00,0.00,0.00,0.00,0.00,0.00,0.00,0.00,0.00,0.00,0.00,4.95,0.00,0.00,150.30
Crotalus scutulatus scutulatus,https://www.ncbi.nlm.nih.gov/pubmed/22446891,Arizona (E-104),0.00,0.00,0.00,0.15,0.00,0.00,0.00,0.00,0.00,0.00,0.00,0.00,0.00,0.00,0.00,0.00,0.00,0.00,0.00,0.00,0.00,0.00,0.00,0.00,0.00,19.20,0.00,43.35,0.00,0.00,0.00,0.00,1.95,5.10,0.00,0.00,0.00,0.00,0.00,0.00,0.00,51.15,25.95,0.00,0.00,0.00,0.00,0.00,0.00,0.00,0.00,0.00,0.00,0.00,0.00,0.00,0.00,0.00,0.00,0.00,0.00,0.00,0.00,0.00,0.00,0.00,0.00,0.00,0.00,0.00,0.00,0.00,0.00,0.00,0.00,0.00,0.00,0.00,0.00,0.00,0.00,0.00,0.00,0.00,0.00,0.00,0.00,0.00,0.00,0.00,0.00,0.00,0.00,3.45,0.00,0.00,150.30
Crotalus scutulatus scutulatus,https://www.ncbi.nlm.nih.gov/pubmed/22446891,Arizona (E-106),0.00,0.00,0.00,0.15,0.00,0.00,0.00,0.00,0.00,0.00,0.00,0.00,0.00,0.45,0.00,0.00,0.00,0.00,0.00,0.00,0.00,0.00,0.00,0.00,0.00,15.45,0.00,42.15,0.00,0.00,0.00,0.00,1.80,7.65,0.00,0.00,0.00,0.00,0.00,0.00,0.00,36.60,41.55,0.00,0.00,0.00,0.00,0.00,0.00,0.00,0.00,0.00,0.00,0.00,0.00,0.00,0.00,0.00,0.00,0.00,0.00,0.00,0.00,0.00,0.00,0.00,0.00,0.00,0.00,0.00,0.00,0.00,0.00,0.00,0.00,0.00,0.00,0.00,0.00,0.00,0.00,0.00,0.00,0.00,0.00,0.00,0.00,0.00,0.00,0.00,0.00,0.00,0.00,4.35,0.00,0.00,150.15
Crotalus scutulatus scutulatus,https://www.ncbi.nlm.nih.gov/pubmed/22446891,Arizona (E-203),0.00,0.00,0.00,0.15,0.00,0.00,0.00,0.00,0.00,0.00,0.00,0.00,0.00,0.00,0.00,0.00,0.00,0.00,0.00,0.00,0.00,0.00,0.00,0.00,0.00,11.40,0.00,48.15,0.00,0.00,0.00,0.00,1.20,2.55,0.00,0.00,0.00,0.00,0.00,0.00,0.00,28.80,53.55,0.00,0.00,0.00,0.00,0.00,0.00,0.00,0.00,0.00,0.00,0.00,0.00,0.00,0.00,0.00,0.00,0.00,0.00,0.00,0.00,0.00,0.00,0.00,0.00,0.00,0.00,0.00,0.00,0.00,0.00,0.00,0.00,0.00,0.00,0.00,0.00,0.00,0.00,0.00,0.00,0.00,0.00,0.00,0.00,0.00,0.00,0.00,0.00,0.00,0.00,4.35,0.00,0.00,150.15
Crotalus scutulatus scutulatus,https://www.ncbi.nlm.nih.gov/pubmed/22446891,New Mexico (F-301),0.00,0.00,0.00,0.45,0.00,0.00,0.00,0.00,0.00,0.00,0.00,0.00,0.00,0.15,0.00,0.00,0.00,0.00,0.00,0.00,0.00,0.00,0.00,0.00,0.00,13.35,0.00,44.70,0.00,0.00,0.00,0.00,1.65,6.60,0.00,0.00,0.00,0.00,0.00,0.00,0.00,0.00,79.95,0.00,0.00,0.00,0.00,0.00,0.00,0.00,0.00,0.00,0.00,0.00,0.00,0.00,0.00,0.00,0.00,0.00,0.00,0.00,0.00,0.00,0.00,0.00,0.00,0.00,0.00,0.00,0.00,0.00,0.00,0.00,0.00,0.00,0.00,0.00,0.00,0.00,0.00,0.00,0.00,0.00,0.00,0.00,0.00,0.00,0.00,0.00,0.00,0.00,0.00,3.30,0.00,0.00,150.15
Crotalus scutulatus scutulatus,https://www.ncbi.nlm.nih.gov/pubmed/22446891,Arizona (A-103),0.00,13.50,0.00,75.30,0.00,0.00,0.00,0.00,0.00,0.00,0.00,0.30,0.00,0.00,0.00,0.00,0.00,0.00,0.00,0.00,0.00,0.00,0.00,0.00,0.00,18.15,0.00,32.85,0.00,0.00,0.00,0.00,1.95,7.95,0.00,0.00,0.00,0.00,0.00,0.00,0.00,0.00,0.00,0.00,0.00,0.00,0.00,0.00,0.00,0.00,0.00,0.00,0.00,0.00,0.00,0.00,0.00,0.00,0.00,0.00,0.00,0.00,0.00,0.00,0.00,0.00,0.00,0.00,0.00,0.00,0.00,0.00,0.00,0.00,0.00,0.00,0.00,0.00,0.00,0.00,0.00,0.00,0.00,0.00,0.00,0.00,0.00,0.00,0.00,0.00,0.00,0.00,0.00,0.15,0.00,0.00,150.15
Crotalus scutulatus scutulatus,https://www.ncbi.nlm.nih.gov/pubmed/22446891,Arizona (E-202),0.00,0.00,0.00,0.15,0.00,0.00,0.00,0.00,0.00,0.00,0.00,0.00,0.00,0.00,0.00,0.00,0.00,0.00,0.00,0.00,0.00,0.00,0.00,0.00,0.00,16.20,0.00,46.35,0.00,0.00,0.00,0.00,2.10,2.85,0.00,0.00,0.00,0.00,0.00,0.00,0.00,18.75,59.55,0.00,0.00,0.00,0.00,0.00,0.00,0.00,0.00,0.00,0.00,0.00,0.00,0.00,0.00,0.00,0.00,0.00,0.00,0.00,0.00,0.00,0.00,0.00,0.00,0.00,0.00,0.00,0.00,0.00,0.00,0.00,0.00,0.00,0.00,0.00,0.00,0.00,0.00,0.00,0.00,0.00,0.00,0.00,0.00,0.00,0.00,0.00,0.00,0.00,0.00,4.20,0.00,0.00,150.15
Crotalus scutulatus scutulatus,https://www.ncbi.nlm.nih.gov/pubmed/22446891,Arizona (E-204),0.00,0.00,0.00,1.65,0.00,0.00,0.00,0.00,0.00,0.00,0.00,0.00,0.00,0.45,0.00,0.00,0.00,0.00,0.00,0.00,0.00,0.00,0.00,0.00,0.00,16.20,0.00,45.15,0.00,0.00,0.00,0.00,1.05,3.30,0.00,0.00,0.00,0.00,0.00,0.00,0.00,35.85,41.40,0.00,0.00,0.00,0.00,0.00,0.00,0.00,0.00,0.00,0.00,0.00,0.00,0.00,0.00,0.00,0.00,0.00,0.00,0.00,0.00,0.00,0.00,0.00,0.00,0.00,0.00,0.00,0.00,0.00,0.00,0.00,0.00,0.00,0.00,0.00,0.00,0.00,0.00,0.00,0.00,0.00,0.00,0.00,0.00,0.00,0.00,0.00,0.00,0.00,0.00,4.95,0.00,0.00,150.00
Crotalus scutulatus scutulatus,https://www.ncbi.nlm.nih.gov/pubmed/22446891,Arizona (A-108),0.00,14.40,0.00,67.50,0.00,0.00,0.00,0.00,0.00,0.00,0.00,0.30,0.00,0.00,0.00,0.00,0.00,0.00,0.00,0.00,0.00,0.00,0.00,0.00,0.00,22.80,0.00,35.70,0.00,0.00,0.00,0.00,1.80,7.20,0.00,0.00,0.00,0.00,0.00,0.00,0.00,0.00,0.00,0.00,0.00,0.00,0.00,0.00,0.00,0.00,0.00,0.00,0.00,0.00,0.00,0.00,0.00,0.00,0.00,0.00,0.00,0.00,0.00,0.00,0.00,0.00,0.00,0.00,0.00,0.00,0.00,0.00,0.00,0.00,0.00,0.00,0.00,0.00,0.00,0.00,0.00,0.00,0.00,0.00,0.00,0.00,0.00,0.00,0.00,0.00,0.00,0.00,0.00,0.30,0.00,0.00,150.00
Crotalus scutulatus scutulatus,https://www.ncbi.nlm.nih.gov/pubmed/22446891,Arizona (B-110),0.00,10.65,0.00,61.65,0.00,0.00,0.00,0.00,0.00,0.00,0.00,0.30,0.00,0.00,0.00,0.00,0.00,0.00,0.00,0.00,0.00,0.00,0.00,0.00,0.00,21.45,0.00,33.30,0.00,0.00,0.00,0.00,3.15,8.55,0.00,0.00,0.00,0.00,0.00,0.00,0.00,8.25,0.00,0.00,0.00,0.00,0.00,0.00,0.00,0.00,0.00,0.00,0.00,0.00,0.00,0.00,0.00,0.00,0.00,0.00,0.00,0.00,0.00,0.00,0.00,0.00,0.00,0.00,0.00,0.00,0.00,0.00,0.00,0.00,0.00,0.00,0.00,0.00,0.00,0.00,0.00,0.00,0.00,0.00,0.00,0.00,0.00,0.00,0.00,0.00,0.00,0.00,0.00,2.70,0.00,0.00,150.00
Crotalus scutulatus scutulatus,https://www.ncbi.nlm.nih.gov/pubmed/22446891,Arizona (C-107),0.00,11.70,0.00,67.35,0.00,0.00,0.00,0.00,0.00,0.00,0.00,0.15,0.00,0.15,0.00,0.00,0.00,0.00,0.00,0.00,0.00,0.00,0.00,0.00,0.00,20.40,0.00,28.35,0.00,0.00,0.00,0.00,2.25,7.05,0.00,0.00,0.00,0.00,0.00,0.00,0.00,0.00,11.40,0.00,0.00,0.00,0.00,0.00,0.00,0.00,0.00,0.00,0.00,0.00,0.00,0.00,0.00,0.00,0.00,0.00,0.00,0.00,0.00,0.00,0.00,0.00,0.00,0.00,0.00,0.00,0.00,0.00,0.00,0.00,0.00,0.00,0.00,0.00,0.00,0.00,0.00,0.00,0.00,0.00,0.00,0.00,0.00,0.00,0.00,0.00,0.00,0.00,0.00,1.20,0.00,0.00,150.00
Crotalus scutulatus scutulatus,https://www.ncbi.nlm.nih.gov/pubmed/22446891,Arizona (D-201),0.00,0.00,0.00,5.10,0.00,0.00,0.00,0.00,0.00,0.00,0.00,0.00,0.00,0.00,0.00,0.00,0.00,0.00,0.00,0.00,0.00,0.00,0.00,0.00,0.00,26.40,0.00,28.95,0.00,0.00,0.00,0.00,2.25,5.70,0.00,0.00,0.00,0.00,0.00,0.00,0.00,27.15,51.30,0.00,0.00,0.00,0.00,0.00,0.00,0.00,0.00,0.00,0.00,0.00,0.00,0.00,0.00,0.00,0.00,0.00,0.00,0.00,0.00,0.00,0.00,0.00,0.00,0.00,0.00,0.00,0.00,0.00,0.00,0.00,0.00,0.00,0.00,0.00,0.00,0.00,0.00,0.00,0.00,0.00,0.00,0.00,0.00,0.00,0.00,0.00,0.00,0.00,0.00,3.15,0.00,0.00,150.00
Crotalus scutulatus scutulatus,https://www.ncbi.nlm.nih.gov/pubmed/22446891,New Mexico (F-302),0.00,0.00,0.00,0.15,0.00,0.00,0.00,0.00,0.00,0.00,0.00,0.00,0.00,0.45,0.00,0.00,0.00,0.00,0.00,0.00,0.00,0.00,0.00,0.00,0.00,23.40,0.00,60.30,0.00,0.00,0.00,0.00,1.05,6.90,0.00,0.00,0.00,0.00,0.00,0.00,0.00,0.00,53.85,0.00,0.00,0.00,0.00,0.00,0.00,0.00,0.00,0.00,0.00,0.00,0.00,0.00,0.00,0.00,0.00,0.00,0.00,0.00,0.00,0.00,0.00,0.00,0.00,0.00,0.00,0.00,0.00,0.00,0.00,0.00,0.00,0.00,0.00,0.00,0.00,0.00,0.00,0.00,0.00,0.00,0.00,0.00,0.00,0.00,0.00,0.00,0.00,0.00,0.00,3.90,0.00,0.00,150.00
Crotalus scutulatus scutulatus,https://www.ncbi.nlm.nih.gov/pubmed/22446891,New Mexico (F-304),0.00,0.00,0.00,0.15,0.00,0.00,0.00,0.00,0.00,0.00,0.00,0.00,0.00,0.30,0.00,0.00,0.00,0.00,0.00,0.00,0.00,0.00,0.00,0.00,0.00,13.05,0.00,50.25,0.00,0.00,0.00,0.00,0.15,5.70,0.00,0.00,0.00,0.00,0.00,0.00,0.00,0.00,77.10,0.00,0.00,0.00,0.00,0.00,0.00,0.00,0.00,0.00,0.00,0.00,0.00,0.00,0.00,0.00,0.00,0.00,0.00,0.00,0.00,0.00,0.00,0.00,0.00,0.00,0.00,0.00,0.00,0.00,0.00,0.00,0.00,0.00,0.00,0.00,0.00,0.00,0.00,0.00,0.00,0.00,0.00,0.00,0.00,0.00,0.00,0.00,0.00,0.00,0.00,3.30,0.00,0.00,150.00
Crotalus scutulatus scutulatus,https://www.ncbi.nlm.nih.gov/pubmed/22446891,Arizona (F-306),0.00,0.00,0.00,0.15,0.00,0.00,0.00,0.00,0.00,0.00,0.00,0.00,0.00,0.15,0.00,0.00,0.00,0.00,0.00,0.00,0.00,0.00,0.00,0.00,0.00,11.40,0.00,62.25,0.00,0.00,0.00,0.00,0.15,5.85,0.00,0.00,0.00,0.00,0.00,0.00,0.00,0.00,65.85,0.00,0.00,0.00,0.00,0.00,0.00,0.00,0.00,0.00,0.00,0.00,0.00,0.00,0.00,0.00,0.00,0.00,0.00,0.00,0.00,0.00,0.00,0.00,0.00,0.00,0.00,0.00,0.00,0.00,0.00,0.00,0.00,0.00,0.00,0.00,0.00,0.00,0.00,0.00,0.00,0.00,0.00,0.00,0.00,0.00,0.00,0.00,0.00,0.00,0.00,4.20,0.00,0.00,150.00
Crotalus scutulatus scutulatus,https://www.ncbi.nlm.nih.gov/pubmed/22446891,Arizona (D-109),0.00,5.25,0.00,23.85,0.00,0.00,0.00,0.00,0.00,0.00,0.00,0.00,0.00,0.00,0.00,0.00,0.00,0.00,0.00,0.00,0.00,0.00,0.00,0.00,0.00,24.75,0.00,14.40,0.00,0.00,0.00,0.00,1.80,6.15,0.00,0.00,0.00,0.00,0.00,0.00,0.00,39.30,31.80,0.00,0.00,0.00,0.00,0.00,0.00,0.00,0.00,0.00,0.00,0.00,0.00,0.00,0.00,0.00,0.00,0.00,0.00,0.00,0.00,0.00,0.00,0.00,0.00,0.00,0.00,0.00,0.00,0.00,0.00,0.00,0.00,0.00,0.00,0.00,0.00,0.00,0.00,0.00,0.00,0.00,0.00,0.00,0.00,0.00,0.00,0.00,0.00,0.00,0.00,2.40,0.00,0.30,150.00
Crotalus scutulatus scutulatus,https://www.ncbi.nlm.nih.gov/pubmed/22446891,New Mexico (F-305),0.00,0.00,0.00,0.15,0.00,0.00,0.00,0.00,0.00,0.00,0.00,0.00,0.00,0.15,0.00,0.00,0.00,0.00,0.00,0.00,0.00,0.00,0.00,0.00,0.00,11.10,0.00,61.65,0.00,0.00,0.00,0.00,0.15,5.25,0.00,0.00,0.00,0.00,0.00,0.00,0.00,0.00,66.15,0.00,0.00,0.00,0.00,0.00,0.00,0.00,0.00,0.00,0.00,0.00,0.00,0.00,0.00,0.00,0.00,0.00,0.00,0.00,0.00,0.00,0.00,0.00,0.00,0.00,0.00,0.00,0.00,0.00,0.00,0.00,0.00,0.00,0.00,0.00,0.00,0.00,0.00,0.00,0.00,0.00,0.00,0.00,0.00,0.00,0.00,0.00,0.00,0.00,0.00,4.20,0.00,1.20,150.00
Crotalus scutulatus scutulatus,https://www.ncbi.nlm.nih.gov/pubmed/22446891,Arizona (A-102),0.00,11.55,0.00,70.35,0.00,0.00,0.00,0.00,0.00,0.00,0.00,0.15,0.00,0.00,0.00,0.00,0.00,0.00,0.00,0.00,0.00,0.00,0.00,0.00,0.00,20.70,0.00,35.85,0.00,0.00,0.00,0.00,1.65,6.90,0.00,0.00,0.00,0.00,0.00,0.00,0.00,0.00,0.00,0.00,0.00,0.00,0.00,0.00,0.00,0.00,0.00,0.00,0.00,0.00,0.00,0.00,0.00,0.00,0.00,0.00,0.00,0.00,0.00,0.00,0.00,0.00,0.00,0.00,0.00,0.00,0.00,0.00,0.00,0.00,0.00,0.00,0.00,0.00,0.00,0.00,0.00,0.00,0.00,0.00,0.00,0.00,0.00,0.00,0.00,0.00,0.00,0.00,0.00,1.35,0.00,1.50,150.00
Crotalus simus,https://www.ncbi.nlm.nih.gov/pubmed/19863078,Costa Rican adult,0.00,0.00,0.00,3.60,0.00,3.78,0.00,0.00,0.00,0.00,0.00,0.00,0.00,0.00,0.00,0.00,0.00,0.00,0.00,0.00,0.00,5.76,0.00,0.00,0.00,0.00,94.86,64.80,0.00,0.00,0.00,0.00,0.00,0.00,2.34,4.86,0.00,0.00,0.00,0.00,0.00,0.00,0.00,0.00,0.00,0.00,0.00,0.00,0.00,0.00,0.00,0.00,0.00,0.00,0.00,0.00,0.00,0.00,0.00,0.00,0.00,0.00,0.00,0.00,0.00,0.00,0.00,0.00,0.00,0.00,0.00,0.00,0.00,0.00,0.00,0.00,0.00,0.00,0.00,0.00,0.00,0.00,0.00,0.00,0.00,0.00,0.00,0.00,0.00,0.00,0.00,0.00,0.00,0.00,0.00,0.00,180.00
Crotalus simus,https://www.ncbi.nlm.nih.gov/pubmed/19863078,Costa Rican neonate (6-week-old),0.00,40.50,0.00,88.56,0.00,14.58,0.00,0.00,0.00,0.00,0.00,0.00,0.00,0.00,0.00,0.00,0.00,0.00,0.00,0.00,0.00,6.30,0.00,0.00,0.00,0.00,7.38,9.54,0.00,0.00,0.00,0.00,6.84,0.00,3.60,2.70,0.00,0.00,0.00,0.00,0.00,0.00,0.00,0.00,0.00,0.00,0.00,0.00,0.00,0.00,0.00,0.00,0.00,0.00,0.00,0.00,0.00,0.00,0.00,0.00,0.00,0.00,0.00,0.00,0.00,0.00,0.00,0.00,0.00,0.00,0.00,0.00,0.00,0.00,0.00,0.00,0.00,0.00,0.00,0.00,0.00,0.00,0.00,0.00,0.00,0.00,0.00,0.00,0.00,0.00,0.00,0.00,0.00,0.00,0.00,0.00,180.00
Crotalus tigris,https://www.ncbi.nlm.nih.gov/pubmed/22181673,Origin unknown,0.00,0.00,0.00,0.01,0.00,0.02,0.00,0.00,0.00,0.00,0.00,0.00,0.00,0.21,0.00,0.00,0.00,0.00,0.00,0.00,0.00,0.00,0.00,0.00,0.00,0.00,0.00,2.95,0.00,0.00,0.00,0.00,0.00,0.00,0.00,0.00,0.55,0.00,0.00,0.00,0.00,0.00,7.28,0.00,0.00,0.00,0.00,0.00,0.00,0.00,0.00,0.00,0.00,0.00,0.00,0.00,0.00,0.00,0.00,0.00,0.00,0.00,0.00,0.00,0.00,0.00,0.00,0.00,0.00,0.00,0.00,0.00,0.00,0.00,0.00,0.00,0.00,0.00,0.00,0.00,0.00,0.00,0.00,0.00,0.00,0.00,0.00,0.00,0.00,0.00,0.00,0.00,0.00,0.00,0.00,0.00,11.02
Crotalus viridis viridis,https://www.ncbi.nlm.nih.gov/pubmed/25819372,Colorado (neonate female),0.00,8.54,25.86,47.39,31.90,2.73,0.00,0.00,0.00,0.00,0.00,7.06,0.00,18.14,0.00,0.00,0.00,0.00,0.00,0.00,0.43,0.00,0.00,0.00,0.00,61.11,0.00,77.53,0.00,0.00,0.00,0.00,44.69,0.00,42.04,0.00,0.00,0.00,0.00,0.00,0.00,21.41,0.00,0.00,0.00,0.00,0.00,0.82,0.00,0.00,0.00,0.00,0.00,0.00,0.00,0.00,0.00,0.00,0.00,0.00,0.00,0.00,0.43,0.00,0.00,0.00,0.00,0.00,0.00,0.00,0.00,0.00,0.00,0.00,0.00,0.00,0.00,0.00,0.00,0.00,0.00,0.00,0.00,0.00,0.00,0.00,0.00,0.00,0.00,0.00,0.00,0.00,0.00,0.00,0.00,0.00,390.08
Crotalus viridis viridis,https://www.ncbi.nlm.nih.gov/pubmed/25819372,Colorado (adult female),0.00,11.08,14.31,18.80,0.39,0.55,0.00,0.00,0.00,0.00,0.00,12.95,0.00,8.27,0.00,0.00,0.00,0.00,0.00,0.00,0.47,0.00,1.52,0.00,0.00,39.51,0.00,104.21,0.00,0.00,0.00,0.00,11.08,0.00,25.19,0.00,0.00,0.00,0.00,0.00,0.00,138.26,0.00,0.00,0.00,0.00,0.00,2.42,0.00,0.00,0.00,0.00,0.00,0.00,0.00,0.00,0.00,0.00,0.00,0.00,0.00,0.00,1.01,0.00,0.00,0.00,0.00,0.00,0.00,0.00,0.00,0.00,0.00,0.00,0.00,0.00,0.00,0.00,0.00,0.00,0.00,0.00,0.00,0.00,0.00,0.00,0.00,0.00,0.00,0.00,0.00,0.00,0.00,0.00,0.00,0.00,390.00
Crotalus viridis viridis,https://www.ncbi.nlm.nih.gov/pubmed/25819372,Colorado (neonate male),0.00,15.83,6.79,32.76,17.59,2.96,0.00,0.00,0.00,0.00,0.00,28.35,0.00,15.64,0.00,0.00,0.00,0.00,0.00,0.00,0.74,0.00,0.00,0.00,0.00,42.51,0.00,70.98,0.00,0.00,0.00,0.00,29.48,0.00,25.00,0.00,0.00,0.00,0.00,0.00,0.00,98.12,0.00,0.00,0.00,0.00,0.00,0.00,0.00,0.00,0.00,0.00,0.00,0.00,0.00,0.00,0.00,0.00,0.00,0.00,0.00,0.00,3.24,0.00,0.00,0.00,0.00,0.00,0.00,0.00,0.00,0.00,0.00,0.00,0.00,0.00,0.00,0.00,0.00,0.00,0.00,0.00,0.00,0.00,0.00,0.00,0.00,0.00,0.00,0.00,0.00,0.00,0.00,0.00,0.00,0.00,390.00
Crotalus viridis viridis,https://www.ncbi.nlm.nih.gov/pubmed/25819372,Colorado (ndult male),0.00,27.18,3.63,11.78,0.00,0.51,0.00,0.00,0.00,0.00,0.00,6.83,0.00,15.13,0.00,0.00,0.00,0.00,0.00,0.00,0.00,0.00,0.00,0.00,0.00,29.99,0.00,104.60,0.00,0.00,0.00,0.00,0.00,0.00,32.10,0.00,0.00,0.00,0.00,0.00,0.00,148.47,0.00,0.00,0.00,0.00,0.00,2.03,0.00,0.00,0.00,0.00,0.00,0.00,0.00,0.00,0.00,0.00,0.00,0.00,0.00,0.00,0.47,0.00,0.00,0.00,0.00,0.00,0.00,0.00,0.00,0.00,0.00,0.00,0.00,0.00,0.00,0.00,0.00,0.00,0.00,0.00,0.00,0.00,0.00,0.00,0.00,0.00,0.00,0.00,0.00,0.00,0.00,0.00,0.00,7.29,390.00
Daboia russelii,https://www.ncbi.nlm.nih.gov/pubmed/26342672,Sri Lanka,16.56,0.00,0.00,0.00,0.00,0.00,0.00,0.00,0.00,0.00,0.00,53.76,0.00,4.80,0.00,0.00,0.00,0.00,0.00,0.00,0.24,84.00,0.00,0.00,0.00,0.00,0.00,38.40,0.00,11.04,0.00,0.00,12.48,0.00,0.00,0.00,0.00,0.00,0.00,0.00,0.00,0.00,0.00,0.00,0.00,0.00,0.00,0.00,0.00,0.00,0.00,0.00,0.00,0.00,8.40,0.00,3.12,0.00,7.20,0.00,0.00,0.00,0.00,0.00,0.00,0.00,0.00,0.00,0.00,0.00,0.00,0.00,0.00,0.00,0.00,0.00,0.00,0.00,0.00,0.00,0.00,0.00,0.00,0.00,0.00,0.00,0.00,0.00,0.00,0.00,0.00,0.00,0.00,0.00,0.00,0.00,240.00
Daboia russelii,https://www.ncbi.nlm.nih.gov/pubmed/27936776,West India,59.52,0.00,0.00,0.00,0.00,11.76,0.00,0.00,0.00,0.00,0.00,4.32,0.00,16.32,0.00,0.00,0.00,0.00,0.00,0.00,0.24,78.00,0.00,0.00,0.00,0.00,0.00,19.20,0.00,30.00,0.00,0.00,0.72,0.00,0.00,0.00,4.32,0.00,0.00,0.00,0.00,0.00,0.00,0.00,0.00,0.00,0.00,0.00,0.00,0.00,0.00,0.00,0.00,0.00,11.52,0.00,3.36,0.00,0.96,0.00,0.00,0.00,0.00,0.00,0.00,0.00,0.00,0.00,0.00,0.00,0.00,0.00,0.00,0.00,0.00,0.00,0.00,0.00,0.00,0.00,0.00,0.00,0.00,0.00,0.00,0.00,0.00,0.00,0.00,0.00,0.00,0.00,0.00,0.00,0.00,0.00,240.24
Daboia russelii russelii,https://www.ncbi.nlm.nih.gov/pubmed/27265321,Pakistan,52.32,0.00,0.00,0.00,0.00,0.96,0.00,0.00,0.00,0.00,0.00,15.36,0.00,6.24,0.00,0.00,0.00,0.00,0.00,0.00,0.00,78.72,0.00,0.00,0.00,0.00,0.00,7.68,0.00,68.16,0.00,0.00,1.44,0.00,0.00,0.00,3.60,0.00,0.00,0.00,0.00,0.00,0.00,0.00,0.00,0.00,0.00,0.00,0.00,0.00,0.00,0.00,0.48,0.00,0.96,0.00,1.44,0.00,1.44,0.00,0.00,0.00,0.00,0.00,0.00,0.00,0.00,0.00,0.00,0.00,0.00,0.00,0.00,0.00,0.00,0.00,0.00,0.00,0.48,0.00,0.00,0.00,0.00,0.00,0.00,0.00,0.00,0.00,0.00,0.00,0.00,0.00,0.00,0.48,0.00,0.24,240.00
Dendroaspis angusticeps,https://www.ncbi.nlm.nih.gov/pubmed/26877184,Tanzania,4.02,0.00,0.00,0.00,0.00,0.00,0.00,0.00,0.00,0.00,0.00,0.00,0.00,1.20,41.52,0.00,0.00,0.00,0.00,0.00,0.00,0.00,0.00,0.00,0.00,0.00,0.00,0.00,0.00,9.78,0.00,0.00,0.00,0.00,0.00,0.00,0.00,0.00,0.00,0.00,0.00,0.00,0.00,0.00,0.00,0.00,0.00,0.00,0.00,0.00,0.00,0.00,0.18,0.06,0.06,0.00,0.00,0.00,0.00,0.00,0.06,0.00,0.00,0.00,0.00,0.00,0.00,0.00,0.00,0.00,0.00,0.00,0.30,0.00,0.00,0.00,0.00,0.00,0.00,0.00,0.00,0.00,0.00,0.00,0.00,0.00,0.00,0.00,0.00,0.00,0.00,0.00,0.00,0.00,0.00,2.82,60.00
Dendroaspis polylepis,https://www.ncbi.nlm.nih.gov/pubmed/25688917,Kenya,12.80,0.00,0.00,0.00,0.00,0.00,0.00,0.00,0.00,0.00,0.00,0.00,0.00,0.00,124.00,0.00,0.00,0.00,0.00,0.00,0.00,0.40,0.00,0.00,0.00,0.00,0.00,0.00,0.00,244.40,0.00,0.00,0.00,0.00,0.00,0.00,0.40,0.00,11.60,0.00,0.00,0.00,0.00,0.00,0.00,0.00,0.00,0.00,0.00,0.00,0.00,0.00,2.00,1.60,1.20,0.00,0.40,0.00,0.00,0.00,1.20,0.00,0.00,0.00,0.00,0.00,0.00,0.00,0.00,0.00,0.00,0.00,0.00,0.00,0.00,0.00,0.00,0.00,0.00,0.00,0.00,0.00,0.00,0.00,0.00,0.00,0.00,0.00,0.00,0.00,0.00,0.00,0.00,0.00,0.00,0.00,400.00
Echis carinatus sochureki*,https://www.ncbi.nlm.nih.gov/pubmed/19948012,Sharjah,40.73,0.00,0.00,0.00,0.00,5.54,0.00,0.00,0.00,0.00,0.00,11.90,0.00,1.43,0.00,0.00,0.00,0.00,0.00,0.00,0.00,5.74,0.00,0.00,0.00,0.00,0.00,3.30,0.00,0.00,0.00,0.00,0.86,0.00,0.00,0.00,0.29,0.00,0.00,0.00,0.00,0.00,0.00,0.00,0.00,0.00,0.00,0.00,0.00,0.00,0.00,0.00,0.00,0.00,0.00,0.00,0.00,0.00,0.00,0.00,0.00,0.00,0.00,0.00,0.00,0.00,0.00,0.00,0.00,0.00,0.00,0.00,0.00,0.00,0.00,0.00,0.00,0.00,0.00,0.00,0.00,0.00,0.00,0.00,0.00,0.00,0.00,0.00,0.00,0.00,0.00,0.00,0.00,0.00,0.00,2.21,72.00
Echis ocellatus,https://www.ncbi.nlm.nih.gov/pubmed/19026773,Nigeria,0.00,1.57,0.02,13.90,0.12,1.57,0.90,0.00,0.00,0.00,0.67,1.62,0.39,0.35,0.00,0.00,0.00,0.00,0.00,0.00,0.00,2.91,0.00,0.00,0.00,0.00,0.00,0.46,0.00,0.00,0.00,0.00,0.32,0.00,0.00,0.00,0.00,0.00,0.00,0.00,0.00,0.00,0.00,0.00,0.00,0.00,0.00,0.00,0.00,0.00,0.00,0.00,0.00,0.00,0.00,0.00,0.00,0.00,0.00,0.00,0.00,0.00,0.00,0.00,0.00,0.00,0.00,0.00,0.00,0.00,0.00,0.00,0.00,0.00,0.00,0.00,0.00,0.00,0.00,0.00,0.00,0.00,0.00,0.00,0.00,0.00,0.00,0.00,0.00,0.00,0.00,0.00,0.00,0.00,0.00,0.00,24.80
Echis ocellatus*,https://www.ncbi.nlm.nih.gov/pubmed/19948012,Nigeria,17.96,0.00,0.00,0.00,0.00,0.00,0.00,0.00,0.00,0.00,0.00,1.60,0.00,0.08,0.00,0.00,0.00,0.00,0.00,0.00,0.00,2.11,0.00,0.00,0.00,0.00,0.00,0.42,0.00,0.00,0.00,0.00,0.34,0.00,0.00,0.00,0.67,0.00,0.00,0.00,0.00,0.00,0.00,0.00,0.00,0.00,0.00,0.00,0.00,0.00,0.00,0.00,0.00,0.00,0.00,0.00,0.00,0.00,0.00,0.00,0.00,0.00,0.00,0.00,0.00,0.00,0.00,0.00,0.00,0.00,0.00,0.00,0.00,0.00,0.00,0.00,0.00,0.00,0.00,0.00,0.00,0.00,0.00,0.00,0.00,0.00,0.00,0.00,0.00,0.00,0.00,0.00,0.00,0.00,0.00,1.61,24.80
Hydrophis cyanocinctus,https://www.ncbi.nlm.nih.gov/pubmed/22643073,Iran,0.00,0.00,0.00,0.00,0.00,0.00,0.00,0.00,0.00,0.00,0.00,0.00,0.00,0.00,0.00,0.00,0.00,41.36,23.52,0.00,0.00,15.12,0.00,0.00,0.00,0.00,0.00,0.00,0.00,0.00,0.00,0.00,0.00,0.00,0.00,0.00,0.00,0.00,0.00,0.00,0.00,0.00,0.00,0.00,0.00,0.00,0.00,0.00,0.00,0.00,0.00,0.00,0.00,0.00,0.00,0.00,0.00,0.00,0.00,0.00,0.00,0.00,0.00,0.00,0.00,0.00,0.00,0.00,0.00,0.00,0.00,0.00,0.00,0.00,0.00,0.00,0.00,0.00,0.00,0.00,0.00,0.00,0.00,0.00,0.00,0.00,0.00,0.00,0.00,0.00,0.00,0.00,0.00,0.00,0.00,0.00,80.00
Hydrophis platurus,https://www.ncbi.nlm.nih.gov/pubmed/24704853,Costa Rica,0.04,0.00,0.00,0.00,0.00,0.00,0.00,0.00,0.00,0.00,0.00,0.00,0.00,0.40,2.20,0.00,0.00,0.00,0.00,0.00,0.00,1.45,0.00,0.00,0.00,0.00,0.00,0.00,0.00,0.00,0.00,0.00,0.00,0.00,0.00,0.00,0.00,0.00,0.00,0.00,0.00,0.00,0.00,0.00,0.00,0.00,0.00,0.00,0.00,0.00,0.00,0.00,0.00,0.00,0.00,0.00,0.00,0.00,0.04,0.00,0.00,0.00,0.00,0.00,0.00,0.08,0.00,0.05,0.09,0.00,0.00,0.00,0.00,0.00,0.00,0.00,0.00,0.00,0.00,0.00,0.00,0.00,0.00,0.00,0.00,0.00,0.00,0.00,0.00,0.00,0.00,0.00,0.00,0.00,0.00,0.06,4.40
Hydrophis schistosus,https://www.ncbi.nlm.nih.gov/pubmed/26047715,Malaysia,0.40,0.00,0.00,0.00,0.00,0.00,0.00,0.00,0.00,0.00,0.00,0.00,0.00,1.03,0.00,0.00,0.00,44.08,11.61,0.00,0.00,0.00,4.82,16.91,0.00,0.00,0.00,0.00,0.00,0.00,0.00,0.00,0.16,0.00,0.00,0.00,0.00,0.00,0.00,0.00,0.00,0.00,0.00,0.00,0.00,0.00,0.00,0.00,0.00,0.00,0.00,0.00,0.00,0.00,0.00,0.00,0.00,0.00,0.00,0.00,0.00,0.00,0.00,0.00,0.00,0.00,0.00,0.00,0.00,0.00,0.00,0.00,0.00,0.00,0.00,0.00,0.00,0.00,0.00,0.00,0.00,0.00,0.00,0.00,0.00,0.00,0.00,0.00,0.00,0.00,0.00,0.00,0.00,0.00,0.00,0.00,79.00
Lachesis muta muta,https://www.ncbi.nlm.nih.gov/pubmed/18541473,Bolivia,0.00,97.00,0.00,62.50,0.00,0.00,0.00,0.00,0.00,0.00,0.00,39.50,0.00,9.00,0.00,0.00,0.00,0.00,0.00,0.00,0.00,43.50,0.00,0.00,0.00,0.00,0.00,156.00,0.00,0.00,0.00,0.00,13.50,73.50,0.00,0.00,3.00,0.00,0.00,0.00,0.00,0.00,0.00,0.00,0.00,0.00,0.00,0.00,0.00,0.00,0.00,0.00,0.00,0.00,0.00,0.00,0.00,0.00,0.00,0.00,0.00,0.00,0.00,0.00,0.00,0.00,0.00,0.00,0.00,0.00,0.00,0.00,0.00,0.00,0.00,0.00,0.00,0.00,0.00,0.00,0.00,0.00,0.00,0.00,0.00,0.00,0.00,0.00,0.00,0.00,0.00,0.00,0.00,0.00,0.00,2.50,500.00
Lachesis muta rhombeata,https://www.ncbi.nlm.nih.gov/pubmed/23747394,Brazil,0.00,96.00,0.00,51.50,0.00,0.00,0.00,0.00,0.00,0.00,0.00,13.50,0.00,7.00,0.00,0.00,0.00,0.00,0.00,0.00,0.00,0.00,0.00,0.00,0.00,54.00,0.00,132.50,0.00,0.00,0.00,0.00,2.50,0.00,140.00,0.00,3.00,0.00,0.00,0.00,0.00,0.00,0.00,0.00,0.00,0.00,0.00,0.00,0.00,0.00,0.00,0.00,0.00,0.00,0.00,0.00,0.00,0.00,0.00,0.00,0.00,0.00,0.00,0.00,0.00,0.00,0.00,0.00,0.00,0.00,0.00,0.00,0.00,0.00,0.00,0.00,0.00,0.00,0.00,0.00,0.00,0.00,0.00,0.00,0.00,0.00,0.00,0.00,0.00,0.00,0.00,0.00,0.00,0.00,0.00,0.00,500.00
Macrovipera lebetina,https://www.ncbi.nlm.nih.gov/pubmed/16206329,Tunisia,99.51,0.00,0.00,0.00,0.00,0.00,1.49,0.00,0.00,0.00,8.91,14.85,1.49,0.00,0.00,0.00,0.00,0.00,0.00,0.00,0.00,5.94,0.00,0.00,0.00,0.00,0.00,13.37,0.00,0.00,0.00,0.00,0.00,0.00,0.00,0.00,2.97,0.00,1.49,0.00,0.00,0.00,0.00,0.00,0.00,0.00,0.00,0.00,0.00,0.00,0.00,0.00,0.00,0.00,0.00,0.00,0.00,0.00,0.00,0.00,0.00,0.00,0.00,0.00,0.00,0.00,0.00,0.00,0.00,0.00,0.00,0.00,0.00,0.00,0.00,0.00,0.00,0.00,0.00,0.00,0.00,0.00,0.00,0.00,0.00,0.00,0.00,0.00,0.00,0.00,0.00,0.00,0.00,0.00,0.00,0.00,150.00
Macrovipera lebetina,https://www.ncbi.nlm.nih.gov/pubmed/22387317,Tunisia,94.65,0.00,0.00,0.00,0.00,22.65,0.00,0.00,0.00,0.00,0.00,4.80,1.35,0.00,0.00,0.00,0.00,0.00,0.00,0.00,0.00,7.50,0.00,0.00,0.00,0.00,0.00,8.25,0.00,4.65,0.00,0.00,0.00,0.00,0.00,0.00,4.95,0.00,1.20,0.00,0.00,0.00,0.00,0.00,0.00,0.00,0.00,0.00,0.00,0.00,0.00,0.00,0.00,0.00,0.00,0.00,0.00,0.00,0.00,0.00,0.00,0.00,0.00,0.00,0.00,0.00,0.00,0.00,0.00,0.00,0.00,0.00,0.00,0.00,0.00,0.00,0.00,0.00,0.00,0.00,0.00,0.00,0.00,0.00,0.00,0.00,0.00,0.00,0.00,0.00,0.00,0.00,0.00,0.00,0.00,0.00,150.00
Macrovipera lebetina obtusa,https://www.ncbi.nlm.nih.gov/pubmed/18590992,Armenia,0.00,41.04,0.00,6.35,0.00,0.00,4.14,0.00,0.00,0.00,12.56,21.86,2.51,3.84,0.00,0.00,0.00,0.00,0.00,0.00,0.00,21.56,0.00,0.00,0.00,0.00,0.00,22.01,0.00,0.00,0.00,0.00,2.51,0.00,3.92,3.84,0.00,0.00,3.92,0.00,0.00,0.00,0.00,0.00,0.00,0.00,0.00,0.00,0.00,0.00,0.00,0.00,0.00,0.00,0.00,0.00,0.00,0.00,0.00,0.00,0.00,0.00,0.00,0.00,0.00,0.00,0.00,0.00,0.00,0.00,0.00,0.00,0.00,0.00,0.00,0.00,0.00,0.00,0.00,0.00,0.00,0.00,0.00,0.00,0.00,0.00,0.00,0.00,0.00,0.00,0.00,0.00,0.00,0.00,0.00,0.00,150.02
Macrovipera lebetina transmediterranea,https://www.ncbi.nlm.nih.gov/pubmed/18590992,Armenia,0.00,0.00,0.00,99.51,0.00,0.00,1.49,0.00,0.00,0.00,8.91,14.85,1.49,0.00,0.00,0.00,0.00,0.00,0.00,0.00,0.00,5.94,0.00,0.00,0.00,0.00,0.00,13.37,0.00,0.00,0.00,0.00,0.00,0.00,0.00,0.75,2.97,0.00,0.75,0.00,0.00,0.00,0.00,0.00,0.00,0.00,0.00,0.00,0.00,0.00,0.00,0.00,0.00,0.00,0.00,0.00,0.00,0.00,0.00,0.00,0.00,0.00,0.00,0.00,0.00,0.00,0.00,0.00,0.00,0.00,0.00,0.00,0.00,0.00,0.00,0.00,0.00,0.00,0.00,0.00,0.00,0.00,0.00,0.00,0.00,0.00,0.00,0.00,0.00,0.00,0.00,0.00,0.00,0.00,0.00,0.00,150.02
Micrurus fulvius*,https://www.ncbi.nlm.nih.gov/pubmed/23915248,Florida,0.15,0.00,0.00,0.00,0.00,0.00,0.00,0.00,0.00,0.00,0.00,0.00,0.00,0.00,1.26,0.00,0.00,0.00,0.00,0.00,0.00,3.25,0.00,0.00,0.00,0.00,0.00,0.00,0.00,0.11,0.00,0.00,0.00,0.00,0.00,0.00,0.00,0.00,0.00,0.00,0.00,0.00,0.00,0.00,0.00,0.00,0.00,0.00,0.00,0.00,0.00,0.00,0.00,0.00,0.00,0.00,0.00,0.00,0.00,0.00,0.00,0.00,0.00,0.00,0.00,0.00,0.00,0.00,0.00,0.00,0.00,0.00,0.00,0.00,0.00,0.00,0.00,0.00,0.00,0.00,0.00,0.00,0.00,0.00,0.00,0.00,0.00,0.00,0.00,0.00,0.00,0.00,0.00,0.00,0.00,0.25,5.00
Micrurus nigrocinctus,https://www.ncbi.nlm.nih.gov/pubmed/21280576,Costa Rica,0.34,0.00,0.00,0.00,0.00,0.00,0.00,0.00,0.00,0.00,0.00,0.18,0.00,0.00,3.04,0.00,0.00,0.00,0.00,0.00,0.00,3.84,0.00,0.00,0.00,0.00,0.00,0.06,0.00,0.00,0.00,0.00,0.18,0.00,0.00,0.00,0.00,0.00,0.00,0.00,0.00,0.00,0.00,0.00,0.00,0.00,0.00,0.30,0.00,0.00,0.00,0.00,0.00,0.00,0.00,0.00,0.00,0.00,0.04,0.00,0.00,0.00,0.00,0.00,0.00,0.00,0.00,0.00,0.00,0.00,0.00,0.00,0.00,0.00,0.00,0.00,0.00,0.00,0.00,0.00,0.00,0.00,0.00,0.00,0.00,0.00,0.00,0.00,0.00,0.00,0.00,0.00,0.00,0.00,0.00,0.02,8.00
Naja atra,https://www.ncbi.nlm.nih.gov/pubmed/26924299,China,3.20,0.00,0.00,0.00,0.00,0.00,0.00,0.00,0.00,0.00,0.00,0.00,0.00,3.60,168.60,0.00,0.00,0.00,0.00,0.00,0.00,24.40,0.00,0.00,0.00,0.00,0.00,0.00,0.00,0.00,0.00,0.00,0.00,0.00,0.00,0.00,0.00,0.00,0.00,0.00,0.00,0.00,0.00,0.00,0.00,0.00,0.00,0.00,0.00,0.00,0.00,0.00,0.00,0.00,0.20,0.00,0.00,0.00,0.00,0.00,0.00,0.00,0.00,0.00,0.00,0.00,0.00,0.00,0.00,0.00,0.00,0.00,0.00,0.00,0.00,0.00,0.00,0.00,0.00,0.00,0.00,0.00,0.00,0.00,0.00,0.00,0.00,0.00,0.00,0.00,0.00,0.00,0.00,0.00,0.00,0.00,200.00
Naja atra,https://www.ncbi.nlm.nih.gov/pubmed/26196238,Taiwan,1.44,0.00,0.00,0.00,0.00,0.00,0.00,0.00,0.00,0.00,0.00,0.00,0.00,4.32,0.00,0.00,41.08,0.00,0.00,0.00,0.00,27.90,0.00,0.00,0.00,0.00,0.00,0.00,0.00,0.00,0.00,0.00,0.38,0.00,0.00,0.00,0.00,0.50,0.00,0.00,118.82,0.00,0.00,0.00,0.00,0.00,0.00,0.00,0.00,0.00,0.00,0.00,0.00,0.00,2.16,0.00,0.00,0.00,0.76,0.00,0.00,0.00,0.00,0.00,0.00,0.00,0.00,0.00,0.00,0.00,0.00,0.00,0.00,0.00,0.00,0.00,0.00,2.66,0.00,0.00,0.00,0.00,0.00,0.00,0.00,0.00,0.00,0.00,0.00,0.00,0.00,0.00,0.00,0.00,0.00,0.00,200.02
Naja haje legionis,https://www.ncbi.nlm.nih.gov/pubmed/24269350,Marocco,27.00,0.00,0.00,0.00,0.00,0.00,0.00,0.00,0.00,0.00,0.00,0.00,0.00,30.00,180.00,0.00,0.00,0.00,0.00,0.00,0.00,12.00,0.00,0.00,0.00,0.00,0.00,0.00,0.00,5.70,0.00,0.00,3.00,0.00,0.00,0.00,0.00,0.30,0.00,0.00,0.00,0.00,0.00,0.00,0.00,0.00,0.00,0.00,0.00,0.00,0.00,0.00,0.00,0.00,15.00,0.00,0.00,3.00,0.00,0.00,0.00,0.00,0.00,0.00,0.00,0.00,0.00,0.00,0.00,0.00,0.00,0.00,0.00,0.00,0.00,0.00,0.00,0.00,0.00,0.00,0.00,0.00,0.00,0.00,0.00,0.00,0.00,0.00,0.00,0.00,0.00,0.00,0.00,0.00,0.00,24.00,300.00
Naja kaouthia,https://www.ncbi.nlm.nih.gov/pubmed/25748141,Thailand,17.81,0.00,0.00,0.00,0.00,0.00,0.00,0.00,0.00,0.00,0.00,3.71,0.00,12.61,0.00,0.00,394.74,0.00,0.00,0.00,0.00,100.17,0.00,0.00,0.00,0.00,0.00,0.00,0.00,0.00,0.00,0.00,2.97,0.00,0.00,0.00,0.00,0.74,8.16,0.00,180.31,0.00,0.00,0.00,0.00,0.00,0.00,4.45,0.00,0.00,0.00,0.00,0.00,0.00,2.23,0.00,2.97,0.00,0.00,0.00,2.97,0.00,0.00,0.00,0.00,0.00,2.23,0.00,0.00,0.00,0.00,0.00,0.00,0.00,0.00,0.00,0.00,0.00,0.00,0.00,0.00,0.00,0.00,0.00,0.00,0.00,0.00,0.00,0.00,0.00,0.00,0.00,0.00,0.00,0.00,5.94,742.00
Naja kaouthia,https://www.ncbi.nlm.nih.gov/pubmed/25748141,Vietnam,11.87,0.00,0.00,0.00,0.00,0.00,0.00,0.00,0.00,0.00,0.00,0.00,0.00,5.94,0.00,0.00,0.00,68.26,0.00,143.21,0.00,129.11,0.00,0.00,0.00,0.00,0.00,0.00,0.00,0.74,0.00,0.00,3.71,0.00,0.00,0.00,0.00,5.19,0.00,22.26,333.16,0.00,0.00,0.00,0.00,0.00,0.00,0.00,0.00,0.00,0.00,1.48,0.00,0.00,9.65,0.00,2.97,0.00,1.48,0.00,0.00,0.00,0.00,0.00,0.00,0.00,0.00,0.00,0.00,0.00,0.00,0.00,0.00,0.00,0.00,0.00,0.00,0.00,0.00,0.00,0.00,0.00,0.00,0.00,0.00,0.00,0.00,0.00,0.00,0.00,0.00,0.00,0.00,0.00,2.97,2.97,744.97
Naja kaouthia,https://www.ncbi.nlm.nih.gov/pubmed/25748141,Thailand,19.29,0.00,0.00,0.00,0.00,0.00,0.00,0.00,0.00,0.00,0.00,2.97,0.00,17.07,0.00,0.00,0.00,57.13,247.09,66.04,0.00,90.52,0.00,0.00,0.00,0.00,0.00,0.00,0.00,0.00,0.00,0.00,7.42,0.00,0.00,0.00,0.00,8.16,1.48,5.94,204.79,0.00,0.00,0.00,0.00,0.00,0.00,0.00,0.00,0.00,0.00,5.19,0.00,0.00,3.71,0.00,2.23,0.00,1.48,0.00,0.00,0.00,0.00,0.00,0.00,0.00,0.00,0.00,0.00,0.00,0.00,0.00,0.00,0.00,0.00,0.00,0.00,0.00,0.00,0.00,0.00,0.00,0.00,0.00,0.00,0.00,0.00,0.00,0.00,0.00,0.00,0.00,0.00,0.00,1.48,0.74,742.74
Naja kaouthia,https://www.ncbi.nlm.nih.gov/pubmed/25771242,Malaysia,24.49,0.00,0.00,0.00,0.00,0.00,0.00,0.00,0.00,0.00,0.00,1.48,0.00,31.91,0.00,0.00,0.00,31.16,28.94,67.52,0.00,174.37,0.00,0.00,0.00,0.00,0.00,0.00,0.00,3.71,0.00,0.00,8.16,0.00,0.00,0.00,0.00,5.94,0.00,5.94,339.09,0.00,0.00,0.00,0.00,0.00,0.00,0.00,0.00,0.00,0.00,2.23,0.00,0.00,1.48,0.00,2.97,0.00,2.23,0.00,0.00,0.00,0.00,0.00,0.00,0.00,0.00,0.00,0.00,0.00,0.00,0.00,0.00,0.00,0.00,0.00,0.00,0.00,0.00,0.00,0.00,0.00,0.00,0.00,0.00,0.00,0.00,0.00,0.00,0.00,0.00,0.00,0.00,0.00,1.48,8.90,742.00
Naja kaouthia,https://www.ncbi.nlm.nih.gov/pubmed/28263888,China,8.16,0.00,0.00,0.00,0.00,0.00,0.00,0.00,0.00,0.00,0.00,0.00,0.00,40.07,0.00,0.00,0.00,64.55,34.13,110.56,0.00,199.60,0.00,0.00,0.00,0.00,0.00,0.00,0.00,0.00,0.00,0.00,0.00,0.00,0.00,0.00,0.00,0.00,0.00,2.97,207.02,0.00,0.00,0.00,0.00,0.00,0.00,68.26,0.00,0.00,0.00,0.00,0.00,0.00,7.42,0.00,0.00,0.00,0.00,0.00,0.00,0.00,0.00,0.00,0.00,0.00,0.00,0.00,0.00,0.00,0.00,0.00,0.00,0.00,0.00,0.00,0.00,0.00,0.00,0.00,0.00,0.00,0.00,0.00,0.00,0.00,0.00,0.00,0.00,0.00,0.00,0.00,0.00,0.00,0.00,0.00,742.74
Naja katiensis,https://www.ncbi.nlm.nih.gov/pubmed/21171584,Burkina faso,0.00,0.00,0.00,3.30,0.00,0.00,0.00,0.00,0.00,0.00,0.00,0.00,0.00,0.20,67.10,0.00,0.00,0.00,0.00,0.00,0.00,29.00,0.00,0.00,0.00,0.00,0.00,0.00,0.00,0.00,0.00,0.00,0.00,0.00,0.00,0.00,0.00,0.00,0.00,0.00,0.00,0.00,0.00,0.00,0.00,0.00,0.00,0.00,0.00,0.00,0.00,0.00,0.00,0.00,0.00,0.00,0.00,0.00,0.00,0.00,0.20,0.00,0.00,0.00,0.00,0.00,0.00,0.00,0.00,0.00,0.00,0.00,0.00,0.00,0.00,0.00,0.00,0.00,0.00,0.00,0.00,0.00,0.00,0.00,0.00,0.00,0.00,0.00,0.00,0.00,0.00,0.00,0.00,0.30,0.00,0.00,100.10
Naja melanoleuca,https://www.ncbi.nlm.nih.gov/pubmed/27593527,Uganda,106.89,0.00,0.00,0.00,0.00,0.00,0.00,0.00,0.00,0.00,0.00,6.61,0.00,83.75,629.24,0.00,0.00,0.00,0.00,0.00,0.00,142.16,0.00,0.00,0.00,0.00,0.00,0.00,0.00,41.88,0.00,0.00,0.00,0.00,0.00,0.00,0.00,0.00,0.00,0.00,0.00,0.00,0.00,0.00,0.00,0.00,0.00,5.51,0.00,0.00,0.00,0.00,0.00,0.00,4.41,0.00,12.12,0.00,0.00,3.31,0.00,0.00,0.00,0.00,0.00,0.00,0.00,0.00,0.00,0.00,0.00,0.00,0.00,3.31,27.55,9.92,12.12,0.00,0.00,0.00,0.00,0.00,0.00,0.00,0.00,0.00,0.00,0.00,0.00,0.00,0.00,0.00,0.00,0.00,0.00,13.22,"1,102.00"
Naja mossambica,https://www.ncbi.nlm.nih.gov/pubmed/21171584,Tanzania,0.00,0.00,0.00,17.06,0.00,0.00,0.00,0.00,0.00,0.00,0.00,0.00,0.00,0.00,454.61,0.00,0.00,0.00,0.00,0.00,0.00,177.78,0.00,0.00,0.00,0.00,0.00,0.00,0.00,0.00,0.00,0.00,0.00,0.00,0.00,0.00,0.00,0.00,0.00,0.00,0.00,0.00,0.00,0.00,0.00,0.00,0.00,0.00,0.00,0.00,0.00,0.00,0.00,0.00,0.00,0.00,0.00,0.00,0.00,0.00,3.94,0.00,0.00,0.00,0.00,0.00,0.00,0.00,0.00,0.00,0.00,0.00,0.00,0.00,0.00,0.00,0.00,0.00,0.00,0.00,0.00,0.00,0.00,0.00,0.00,0.00,0.00,0.00,0.00,0.00,0.00,0.00,0.00,2.62,0.00,0.00,656.00
Naja naja,https://www.ncbi.nlm.nih.gov/pubmed/26506536,Sri Lanka,5.19,0.00,0.00,0.00,0.00,0.00,0.00,0.00,0.00,0.00,0.00,0.00,0.00,0.00,490.87,0.00,0.00,0.00,0.00,0.00,0.00,85.10,0.00,0.00,0.00,0.00,0.00,0.00,2.01,0.00,0.00,0.00,0.00,0.00,0.00,0.00,0.00,0.00,0.00,0.00,0.00,0.00,0.00,0.00,0.00,0.00,0.00,0.00,0.00,0.00,0.00,0.00,0.00,0.00,3.78,0.00,0.00,0.00,0.00,0.00,0.00,0.00,0.00,0.00,0.00,0.00,0.00,0.00,0.00,0.00,0.00,0.00,0.00,0.00,0.00,0.00,0.00,0.00,0.00,0.00,0.00,0.00,0.00,0.00,0.00,0.00,0.00,0.00,22.63,0.00,0.00,0.00,0.00,0.00,0.00,0.43,610.00
Naja naja,https://www.ncbi.nlm.nih.gov/pubmed/26506536,North-west India,5.25,0.00,0.00,0.00,0.00,0.00,0.00,0.00,0.00,0.00,0.00,0.00,0.00,0.00,452.50,0.00,0.00,0.00,0.00,0.00,0.00,130.72,0.00,0.00,0.00,0.00,0.00,0.00,0.49,0.00,0.00,0.00,0.00,0.00,0.00,0.00,0.00,0.00,0.00,0.00,0.00,0.00,0.00,0.00,0.00,0.00,0.00,0.00,0.00,0.00,0.00,0.00,0.00,0.00,4.45,0.00,0.00,0.00,0.00,0.00,0.00,0.00,0.00,0.00,0.00,0.00,0.00,0.00,0.00,0.00,0.00,0.00,0.00,0.00,0.00,0.00,0.00,0.00,0.00,0.00,0.00,0.00,0.00,0.00,0.00,0.00,0.00,0.00,15.43,0.00,0.00,0.00,0.00,0.00,0.00,1.16,610.00
Naja naja,https://www.ncbi.nlm.nih.gov/pubmed/28062377,Eastern India,6.10,0.00,0.00,0.00,0.00,0.00,0.00,0.00,0.00,0.00,0.00,0.00,0.00,12.81,389.18,0.00,0.00,0.00,0.00,0.00,0.00,69.54,0.00,0.00,0.00,0.00,0.00,1.83,0.00,2.44,0.00,0.00,4.88,0.00,0.00,0.00,0.00,6.71,12.20,0.00,0.00,0.00,0.00,0.00,0.00,0.00,0.00,0.00,0.00,0.00,0.00,0.00,0.00,0.00,5.49,0.00,12.81,38.43,2.44,0.00,0.00,0.00,0.00,0.00,0.00,0.00,0.00,0.00,0.00,0.00,0.00,0.00,0.00,0.00,0.00,0.00,0.00,0.00,0.00,0.00,0.00,0.00,0.00,0.00,0.00,0.00,36.60,7.93,0.00,0.00,0.00,0.00,0.00,0.00,0.00,0.61,610.00
Naja nigricollis,https://www.ncbi.nlm.nih.gov/pubmed/21171584,Nigeria,0.00,0.00,0.00,8.69,0.00,0.00,0.00,0.00,0.00,0.00,0.00,0.00,0.00,0.72,265.35,0.00,0.00,0.00,0.00,0.00,0.00,79.28,0.00,0.00,0.00,0.00,0.00,0.00,0.00,0.00,0.00,0.00,0.00,0.00,0.00,0.00,0.00,0.00,0.00,0.00,0.00,0.00,0.00,0.00,0.00,0.00,6.15,0.00,0.00,0.00,0.00,0.00,0.00,0.00,0.00,0.00,0.00,0.00,0.00,0.00,1.09,0.00,0.00,0.00,0.00,0.00,0.00,0.00,0.00,0.00,0.00,0.00,0.00,0.00,0.00,0.00,0.00,0.00,0.00,0.00,0.00,0.00,0.00,0.00,0.00,0.00,0.00,0.00,0.00,0.00,0.00,0.00,0.00,0.72,0.00,0.00,362.00
Naja pallida,https://www.ncbi.nlm.nih.gov/pubmed/21171584,Kenya,0.00,0.00,0.00,4.16,0.00,0.00,0.00,0.00,0.00,0.00,0.00,0.00,0.00,0.00,176.02,0.00,0.00,0.00,0.00,0.00,0.00,78.26,0.00,0.00,0.00,0.00,0.00,0.00,0.00,0.00,0.00,0.00,0.00,0.00,0.00,0.00,0.00,0.00,0.00,0.00,0.00,0.00,0.00,0.00,0.00,0.00,0.00,0.00,0.00,0.00,0.00,0.00,0.00,0.00,0.00,0.00,0.00,0.00,0.00,0.00,0.26,0.00,0.00,0.00,0.00,0.00,0.00,0.00,0.00,0.00,0.00,0.00,0.00,0.00,0.00,0.00,0.00,0.00,0.00,0.00,0.00,0.00,0.00,0.00,0.00,0.00,0.00,0.00,0.00,0.00,0.00,0.00,0.00,1.56,0.00,0.00,260.26
Notechis scutatus,https://www.ncbi.nlm.nih.gov/pubmed/27282922,Australia,0.00,0.00,0.00,0.00,0.00,0.00,0.00,0.00,0.00,0.00,0.00,0.00,0.00,0.76,0.00,0.00,0.00,0.00,0.00,0.00,0.00,0.00,70.50,61.24,0.00,0.00,0.00,13.04,0.00,9.07,0.00,0.00,3.78,0.00,0.00,0.00,0.00,0.00,11.15,0.00,0.00,0.00,0.00,0.00,0.00,0.00,0.00,0.00,0.00,0.00,0.00,0.57,0.00,0.00,2.65,0.00,0.00,2.65,2.65,0.00,0.00,0.00,0.00,0.00,0.00,0.00,0.00,0.00,0.00,0.00,0.00,0.00,0.00,0.00,0.00,0.00,0.00,0.00,0.00,0.00,0.00,0.00,0.00,0.00,0.00,0.00,0.00,0.00,0.00,0.00,0.00,0.00,0.00,0.00,0.00,10.40,188.43
Oxyuranus scutellatus canni,https://www.ncbi.nlm.nih.gov/pubmed/22266484,Papua New Guinea,78.50,0.00,0.00,0.00,0.00,0.00,0.00,0.00,0.00,0.00,0.00,5.29,0.00,7.06,37.04,0.00,0.00,0.00,0.00,0.00,0.00,602.41,0.00,0.00,0.00,0.00,0.00,0.00,0.00,114.66,0.00,0.00,0.00,0.00,0.00,0.00,0.00,0.00,16.76,0.00,0.00,0.00,0.00,0.00,0.00,0.00,0.00,0.00,0.00,0.00,0.00,0.00,0.00,0.00,0.00,0.00,0.00,0.00,0.00,0.00,0.00,0.00,0.00,0.00,22.05,0.00,0.00,0.00,0.00,0.00,0.00,0.00,0.00,0.00,0.00,0.00,0.00,0.00,0.00,0.00,0.00,0.00,0.00,0.00,0.00,0.00,0.00,0.00,0.00,0.00,0.00,0.00,0.00,0.00,0.00,0.00,883.76
Oxyuranus scutellatus scutellatus,https://www.ncbi.nlm.nih.gov/pubmed/22266484,Australia,45.86,0.00,0.00,0.00,0.00,0.00,0.00,0.00,0.00,0.00,0.00,0.00,0.00,5.29,13.23,0.00,0.00,0.00,0.00,0.00,0.00,700.31,0.00,0.00,0.00,0.00,0.00,5.29,0.00,68.80,0.00,0.00,0.00,0.00,0.00,0.00,0.00,0.00,0.00,0.00,0.00,0.00,0.00,0.00,0.00,0.00,0.00,0.00,11.47,0.00,0.00,0.00,0.00,0.00,0.00,0.00,0.00,0.00,0.00,0.00,0.00,0.00,0.00,0.00,0.00,0.00,0.00,0.00,0.00,0.00,0.00,0.00,0.00,0.00,0.00,0.00,0.00,0.00,0.00,0.00,0.00,0.00,0.00,0.00,0.00,0.00,0.00,0.00,0.00,0.00,0.00,0.00,0.00,31.75,0.00,0.00,882.00
Porthidium ophryomegas,https://www.ncbi.nlm.nih.gov/pubmed/22212456,Costa Rica,9.00,0.00,0.00,0.00,0.00,3.34,0.00,0.00,0.00,0.00,0.00,1.60,0.00,0.12,0.00,0.00,0.00,0.00,0.00,0.00,0.00,2.70,0.00,0.00,0.00,0.00,0.00,1.46,0.00,0.00,0.00,0.00,0.66,0.00,0.84,0.00,0.00,0.00,0.00,0.00,0.00,0.00,0.00,0.00,0.00,0.00,0.00,0.00,0.00,0.00,0.00,0.00,0.00,0.00,0.00,0.00,0.00,0.00,0.00,0.00,0.00,0.00,0.00,0.00,0.00,0.00,0.00,0.00,0.00,0.00,0.00,0.00,0.00,0.00,0.00,0.00,0.00,0.00,0.00,0.00,0.00,0.00,0.00,0.00,0.00,0.00,0.00,0.00,0.00,0.00,0.00,0.00,0.00,0.28,0.00,0.00,20.00
Protobothrops flavoviridis*,https://www.ncbi.nlm.nih.gov/pubmed/26315097,Japan,61.21,0.00,0.00,0.00,0.00,0.00,0.00,0.00,0.00,0.00,0.00,3.18,0.00,7.08,0.00,0.00,0.00,0.00,0.00,0.00,0.00,196.36,0.00,0.00,0.00,0.00,0.00,41.75,0.00,0.00,0.00,0.00,10.97,0.00,0.00,0.00,0.00,0.00,9.20,0.00,0.00,0.00,0.00,0.00,0.00,0.00,0.00,0.00,0.00,0.00,0.00,0.00,0.00,0.00,0.00,0.00,0.00,0.00,0.00,0.00,0.00,0.00,0.00,0.00,0.00,0.00,0.00,0.00,0.00,0.00,0.00,0.00,0.00,0.00,0.00,0.00,0.00,0.00,0.00,0.00,0.00,0.00,0.00,0.00,0.00,0.00,0.00,0.00,0.00,0.00,0.00,0.00,0.00,0.00,0.00,24.06,353.80
Pseudechis australis,https://www.ncbi.nlm.nih.gov/pubmed/21417486,Pooled,425.06,0.00,0.00,0.00,0.00,0.00,0.00,0.00,0.00,0.00,0.00,0.00,0.00,0.00,0.00,0.00,0.00,0.00,0.00,0.00,0.00,148.37,0.00,0.00,0.00,0.00,0.00,0.00,8.02,0.00,0.00,0.00,160.40,0.00,0.00,0.00,0.00,0.00,0.00,0.00,0.00,0.00,0.00,0.00,0.00,0.00,0.00,0.00,0.00,0.00,0.00,0.00,0.00,0.00,20.05,0.00,0.00,0.00,20.05,0.00,0.00,0.00,0.00,0.00,0.00,20.05,0.00,0.00,0.00,0.00,0.00,0.00,0.00,0.00,0.00,0.00,0.00,0.00,0.00,0.00,0.00,0.00,0.00,0.00,0.00,0.00,0.00,0.00,0.00,0.00,0.00,0.00,0.00,0.00,0.00,0.00,802.00
Sistrurus catenatus catenatus,https://www.ncbi.nlm.nih.gov/pubmed/16944921,Ohio,19.71,0.00,0.00,0.00,0.00,1.13,0.00,0.00,0.00,0.00,0.00,0.05,0.05,0.36,0.00,0.00,0.00,0.00,0.00,0.00,0.00,13.46,0.00,0.00,0.00,0.00,0.00,8.19,0.00,0.00,0.00,0.00,1.89,0.00,0.00,0.00,0.00,0.00,0.00,0.00,0.00,0.18,0.00,0.00,0.00,0.00,0.00,0.00,0.00,0.00,0.00,0.00,0.00,0.00,0.05,0.00,0.00,0.00,0.00,0.00,0.00,0.00,0.00,0.00,0.00,0.00,0.00,0.00,0.00,0.00,0.00,0.00,0.00,0.00,0.00,0.00,0.00,0.00,0.00,0.00,0.00,0.00,0.00,0.00,0.00,0.00,0.00,0.00,0.00,0.00,0.00,0.00,0.00,0.00,0.00,0.00,45.05
Sistrurus catenatus edwardsii,https://www.ncbi.nlm.nih.gov/pubmed/16944921,Colorado,21.87,0.00,0.00,0.00,0.00,0.41,0.00,0.00,0.00,0.00,0.00,0.05,0.05,4.82,0.00,0.00,0.00,0.00,0.00,0.00,0.00,6.17,0.00,0.00,0.00,0.00,0.00,10.98,0.00,0.05,0.00,0.00,1.13,0.00,0.05,0.00,0.00,0.00,0.00,0.00,0.00,0.00,0.00,0.00,0.00,0.00,0.00,0.00,0.00,0.00,0.00,0.00,0.00,0.00,0.05,0.00,0.00,0.00,0.00,0.00,0.00,0.00,0.00,0.00,0.00,0.00,0.00,0.00,0.00,0.00,0.00,0.00,0.00,0.00,0.00,0.00,0.00,0.00,0.00,0.00,0.00,0.00,0.00,0.00,0.00,0.00,0.00,0.00,0.00,0.00,0.00,0.00,0.00,0.00,0.00,0.00,45.59
Sistrurus catenatus tergeminus,https://www.ncbi.nlm.nih.gov/pubmed/16944921,Kansas,18.27,0.00,0.00,0.00,0.00,1.89,0.00,0.00,0.00,0.00,0.00,0.05,0.05,0.59,0.00,0.00,0.00,0.00,0.00,0.00,0.00,14.22,0.00,0.00,0.00,0.00,0.00,9.18,0.00,0.00,0.00,0.00,0.72,0.00,0.00,0.00,0.00,0.00,0.00,0.00,0.00,0.05,0.00,0.00,0.00,0.00,0.00,0.00,0.00,0.00,0.00,0.00,0.00,0.00,0.05,0.00,0.00,0.00,0.00,0.00,0.00,0.00,0.00,0.00,0.00,0.00,0.00,0.00,0.00,0.00,0.00,0.00,0.00,0.00,0.00,0.00,0.00,0.00,0.00,0.00,0.00,0.00,0.00,0.00,0.00,0.00,0.00,0.00,0.00,0.00,0.00,0.00,0.00,0.00,0.00,0.00,45.05
Vipera berus berus,https://www.ncbi.nlm.nih.gov/pubmed/27327134,Croatia,3.42,0.00,0.00,0.00,0.72,0.18,0.00,0.00,0.00,0.00,0.00,0.36,0.00,1.44,0.00,0.00,0.00,0.00,0.00,0.00,0.00,1.80,0.00,0.00,0.00,0.00,0.00,5.58,0.00,0.01,0.00,0.00,0.36,0.00,0.00,0.00,0.00,0.00,1.98,0.00,0.00,0.00,0.00,0.00,0.00,0.00,0.00,0.00,0.00,0.00,0.00,0.00,0.00,0.00,0.00,0.00,0.00,0.00,0.00,0.00,0.00,0.00,0.00,0.00,0.00,0.00,0.00,0.00,0.00,0.00,0.00,0.00,0.00,0.00,0.00,0.00,0.00,0.00,0.00,0.02,0.00,0.00,0.00,0.00,0.00,0.00,0.00,0.00,0.00,0.00,0.00,0.00,0.00,0.00,0.00,2.13,18.00
